Number-Of-Methods,Class,Max-LOC,Mean-LOC,Median-LOC,Min-LOC,Range-LOC,Std-LOC,Sum-LOC,Var-LOC,Max-Is-Protected,Mean-Is-Protected,Median-Is-Protected,Min-Is-Protected,Range-Is-Protected,Std-Is-Protected,Sum-Is-Protected,Var-Is-Protected,Max-Fan-In,Mean-Fan-In,Median-Fan-In,Min-Fan-In,Range-Fan-In,Std-Fan-In,Sum-Fan-In,Var-Fan-In,Max-Is-Static,Mean-Is-Static,Median-Is-Static,Min-Is-Static,Range-Is-Static,Std-Is-Static,Sum-Is-Static,Var-Is-Static,Max-Number-Of-Branches,Mean-Number-Of-Branches,Median-Number-Of-Branches,Min-Number-Of-Branches,Range-Number-Of-Branches,Std-Number-Of-Branches,Sum-Number-Of-Branches,Var-Number-Of-Branches,Max-CFG-Size,Mean-CFG-Size,Median-CFG-Size,Min-CFG-Size,Range-CFG-Size,Std-CFG-Size,Sum-CFG-Size,Var-CFG-Size,Max-Number-Of-Parameters,Mean-Number-Of-Parameters,Median-Number-Of-Parameters,Min-Number-Of-Parameters,Range-Number-Of-Parameters,Std-Number-Of-Parameters,Sum-Number-Of-Parameters,Var-Number-Of-Parameters,Max-Is-Public,Mean-Is-Public,Median-Is-Public,Min-Is-Public,Range-Is-Public,Std-Is-Public,Sum-Is-Public,Var-Is-Public,Max-Fan-Out,Mean-Fan-Out,Median-Fan-Out,Min-Fan-Out,Range-Fan-Out,Std-Fan-Out,Sum-Fan-Out,Var-Fan-Out,Max-Number-Of-Invokes,Mean-Number-Of-Invokes,Median-Number-Of-Invokes,Min-Number-Of-Invokes,Range-Number-Of-Invokes,Std-Number-Of-Invokes,Sum-Number-Of-Invokes,Var-Number-Of-Invokes,Max-Is-Private,Mean-Is-Private,Median-Is-Private,Min-Is-Private,Range-Is-Private,Std-Is-Private,Sum-Is-Private,Var-Is-Private
475,0,346,19.774736842105263,11.0,2,344,32.94954898246564,9393,1085.6727781479028,1,0.0926315789473684,0.0,0,1,0.2902211092419206,44,0.0842282922496108,116,2.172631578947368,1.0,1,115,6.725454545290805,1032,45.23173884077275,1,0.3010526315789473,0.0,0,1,0.459199159986265,143,0.2108638685320913,79,2.52,0.0,0,79,6.461597038420106,1197,41.75223628691949,267,17.10736842105263,10.0,2,265,26.67247527232913,8126,711.4209371530088,7,1.2652631578947369,1.0,0,7,1.1679409937060288,601,1.364086164779026,1,0.6126315789473684,1.0,0,1,0.4876625781623052,291,0.2378147901399064,73,3.3389473684210524,2.0,0,73,7.124041052306323,1586,50.75196091494578,98,4.242105263157895,2.0,0,98,9.493408538828357,2015,90.12480568509916,1,0.1410526315789473,0.0,0,1,0.3484428098538408,67,0.1214123917388398
3594,0,683,19.74735670562048,10.0,1,682,32.84670176494387,70972,1078.9058168351671,1,0.0698386199220923,0.0,0,1,0.2549103117158621,251,0.064979267019078,1464,3.721758486366166,1.0,0,1464,27.05307972993173,13376,731.8691228740433,1,0.2454090150250417,0.0,0,1,0.4303893242495982,882,0.1852349704280258,125,2.624373956594324,1.0,0,125,6.068422023117209,9432,36.82574585065396,558,16.920701168614357,9.0,1,557,26.533147273020845,60813,704.0079042118135,9,1.0342237061769617,1.0,0,9,1.125420474861745,3717,1.266571245238035,1,0.6349471341124096,1.0,0,1,0.481511975284295,2282,0.2318537823421835,209,4.877573734001113,2.0,0,209,10.09575822343371,17530,101.9243341060294,207,4.433778519755148,1.0,0,207,9.82809011024304,15935,96.59135521505704,1,0.1736227045075125,0.0,0,1,0.3788374236992989,624,0.1435177935951221
475,0,346,19.774736842105263,11.0,2,344,32.94954898246564,9393,1085.6727781479028,1,0.0926315789473684,0.0,0,1,0.2902211092419205,44,0.0842282922496107,116,2.172631578947368,1.0,1,115,6.72545454529083,1032,45.23173884077308,1,0.3010526315789473,0.0,0,1,0.459199159986265,143,0.2108638685320913,79,2.52,0.0,0,79,6.461597038420106,1197,41.75223628691949,267,17.10736842105263,10.0,2,265,26.672475272329127,8126,711.4209371530087,7,1.2652631578947369,1.0,0,7,1.1679409937060286,601,1.3640861647790254,1,0.6126315789473684,1.0,0,1,0.4876625781623052,291,0.2378147901399064,73,3.3389473684210524,2.0,0,73,7.124041052306324,1586,50.75196091494579,98,4.242105263157895,2.0,0,98,9.493408538828357,2015,90.12480568509916,1,0.1410526315789473,0.0,0,1,0.3484428098538407,67,0.1214123917388398
606,0,346,19.36963696369637,11.0,2,344,31.4384404729644,11738,988.375539372126,1,0.0808580858085808,0.0,0,1,0.2728422599879613,49,0.0744428988353383,116,2.1666666666666665,1.0,1,115,6.146445141607267,1313,37.77878787878758,1,0.2524752475247525,0.0,0,1,0.4347912715309795,153,0.1890434497995259,79,2.402640264026403,1.0,0,79,5.990868502494283,1456,35.8905054141781,267,16.778877887788777,10.0,2,265,25.50249929858492,10168,650.3774704743242,7,1.193069306930693,1.0,0,7,1.1588045215460434,723,1.3428279191555548,1,0.6320132013201321,1.0,0,1,0.4826561219510661,383,0.2329569320568424,76,3.458745874587459,2.0,0,76,7.235868946871936,2096,52.35779941630558,98,4.429042904290429,2.0,0,98,9.681749794456232,2684,93.7362790824533,1,0.1551155115511551,0.0,0,1,0.3623138266048887,94,0.1312713089490773
606,0,346,19.36963696369637,11.0,2,344,31.438440472964405,11738,988.3755393721264,1,0.0808580858085808,0.0,0,1,0.2728422599879613,49,0.0744428988353383,116,2.1666666666666665,1.0,1,115,6.1464451416072565,1313,37.77878787878745,1,0.2524752475247525,0.0,0,1,0.4347912715309795,153,0.1890434497995259,79,2.402640264026403,1.0,0,79,5.990868502494282,1456,35.89050541417808,267,16.778877887788777,10.0,2,265,25.50249929858491,10168,650.3774704743239,7,1.193069306930693,1.0,0,7,1.1588045215460434,723,1.3428279191555548,1,0.6320132013201321,1.0,0,1,0.4826561219510661,383,0.2329569320568424,76,3.458745874587459,2.0,0,76,7.235868946871937,2096,52.3577994163056,98,4.429042904290429,2.0,0,98,9.68174979445623,2684,93.73627908245328,1,0.1551155115511551,0.0,0,1,0.3623138266048886,94,0.1312713089490773
475,0,346,19.774736842105263,11.0,2,344,32.94954898246565,9393,1085.672778147903,1,0.0926315789473684,0.0,0,1,0.2902211092419207,44,0.0842282922496108,116,2.172631578947368,1.0,1,115,6.725454545290811,1032,45.23173884077283,1,0.3010526315789473,0.0,0,1,0.459199159986265,143,0.2108638685320913,79,2.52,0.0,0,79,6.4615970384201065,1197,41.75223628691949,267,17.10736842105263,10.0,2,265,26.672475272329127,8126,711.4209371530087,7,1.2652631578947369,1.0,0,7,1.1679409937060283,601,1.364086164779025,1,0.6126315789473684,1.0,0,1,0.4876625781623052,291,0.2378147901399064,73,3.3389473684210524,2.0,0,73,7.124041052306323,1586,50.75196091494578,98,4.242105263157895,2.0,0,98,9.493408538828357,2015,90.12480568509916,1,0.1410526315789473,0.0,0,1,0.3484428098538408,67,0.1214123917388398
475,0,346,19.774736842105263,11.0,2,344,32.94954898246564,9393,1085.6727781479028,1,0.0926315789473684,0.0,0,1,0.2902211092419206,44,0.0842282922496108,116,2.172631578947368,1.0,1,115,6.725454545290822,1032,45.23173884077298,1,0.3010526315789473,0.0,0,1,0.459199159986265,143,0.2108638685320913,79,2.52,0.0,0,79,6.461597038420106,1197,41.75223628691949,267,17.10736842105263,10.0,2,265,26.67247527232913,8126,711.4209371530092,7,1.2652631578947369,1.0,0,7,1.1679409937060283,601,1.3640861647790248,1,0.6126315789473684,1.0,0,1,0.4876625781623052,291,0.2378147901399064,73,3.3389473684210524,2.0,0,73,7.124041052306325,1586,50.75196091494581,98,4.242105263157895,2.0,0,98,9.493408538828357,2015,90.12480568509916,1,0.1410526315789473,0.0,0,1,0.3484428098538407,67,0.1214123917388397
2405,0,676,21.49563409563409,11.0,1,675,35.87859221643805,51697,1287.273379433449,1,0.0607068607068607,0.0,0,1,0.2388414897199596,146,0.0570452572116495,909,3.7072765072765073,1.0,0,909,21.303643484919817,8916,453.8452257325666,1,0.2544698544698545,0.0,0,1,0.4356533759808573,612,0.1897938640035182,125,3.2137214137214136,1.0,0,125,7.152200457080544,7729,51.15397137826314,551,18.12889812889813,10.0,1,550,28.729793170719184,43600,825.4010156323027,8,1.029106029106029,1.0,0,8,1.1159788198142304,2475,1.2454087262739624,1,0.6170478170478171,1.0,0,1,0.486207880390525,1484,0.236398102953847,146,4.801663201663201,2.0,0,146,9.284924027924175,11548,86.20981420432373,148,4.68024948024948,2.0,0,148,9.8263439223088,11256,96.55703487949512,1,0.1912681912681912,0.0,0,1,0.3933815132692,460,0.1547490149819657
606,0,346,19.36963696369637,11.0,2,344,31.4384404729644,11738,988.375539372126,1,0.0808580858085808,0.0,0,1,0.2728422599879612,49,0.0744428988353382,116,2.1666666666666665,1.0,1,115,6.14644514160724,1313,37.77878787878724,1,0.2524752475247525,0.0,0,1,0.4347912715309795,153,0.1890434497995259,79,2.402640264026403,1.0,0,79,5.990868502494282,1456,35.89050541417808,267,16.778877887788777,10.0,2,265,25.502499298584908,10168,650.3774704743237,7,1.193069306930693,1.0,0,7,1.1588045215460436,723,1.342827919155555,1,0.6320132013201321,1.0,0,1,0.4826561219510662,383,0.2329569320568424,76,3.458745874587459,2.0,0,76,7.235868946871937,2096,52.3577994163056,98,4.429042904290429,2.0,0,98,9.681749794456234,2684,93.73627908245332,1,0.1551155115511551,0.0,0,1,0.3623138266048886,94,0.1312713089490773
3594,0,683,19.74735670562048,10.0,1,682,32.84670176494387,70972,1078.9058168351671,1,0.0698386199220923,0.0,0,1,0.2549103117158614,251,0.0649792670190776,1464,3.721758486366166,1.0,0,1464,27.053079729931728,13376,731.8691228740429,1,0.2454090150250417,0.0,0,1,0.4303893242495983,882,0.1852349704280258,125,2.624373956594324,1.0,0,125,6.068422023117209,9432,36.82574585065396,558,16.920701168614357,9.0,1,557,26.533147273020845,60813,704.0079042118134,9,1.0342237061769617,1.0,0,9,1.125420474861745,3717,1.2665712452380355,1,0.6349471341124096,1.0,0,1,0.4815119752842948,2282,0.2318537823421833,209,4.877573734001113,2.0,0,209,10.09575822343371,17530,101.9243341060294,207,4.433778519755148,1.0,0,207,9.82809011024304,15935,96.59135521505706,1,0.1736227045075125,0.0,0,1,0.378837423699299,624,0.1435177935951222
165,1,1185,18.866666666666667,5.0,1,1184,93.4726080479438,3113,8737.128455284526,1,0.2181818181818181,0.0,0,1,0.4142687838555565,36,0.1716186252771618,95,3.006060606060606,1.0,1,94,9.613568263262191,496,92.42069475240208,1,0.1515151515151515,0.0,0,1,0.3596417696999809,25,0.1293422025129341,347,3.393939393939394,0.0,0,347,27.40386677577819,560,750.9719142645997,838,15.406060606060606,5.0,1,837,66.2868762504698,2542,4393.949963045097,5,0.993939393939394,1.0,0,5,0.9337634950013796,164,0.8719142645971911,1,0.6909090909090909,1.0,0,1,0.4635254856331914,114,0.2148558758314859,241,3.503030303030303,1.0,0,241,18.876887481922832,578,356.336881005175,303,4.133333333333334,1.0,0,303,23.706419150582143,682,561.994308943088,1,0.0303030303030303,0.0,0,1,0.1719416529028276,5,0.0295639320029564
1878,1,955,18.915335463258785,10.0,1,954,37.9568603678137,35523,1440.7232489817063,1,0.0788072417465388,0.0,0,1,0.2695094383473229,148,0.0726353373582894,116,2.6150159744408947,1.0,0,116,4.937901891793565,4911,24.382875092978477,1,0.2183173588924387,0.0,0,1,0.4132139986249428,410,0.1707458086596142,222,2.500532481363152,1.0,0,222,7.523909658660746,4696,56.60921655168847,733,16.322151224707135,8.0,1,732,30.631535093752724,30653,938.2909421998048,29,1.2396166134185302,1.0,0,29,1.550460519684921,2328,2.403927823101635,1,0.6411075612353567,1.0,0,1,0.4798033340408993,1204,0.2302112393567628,156,3.58839190628328,1.0,0,156,7.747851952596997,6739,60.0292098793611,137,3.807241746538871,1.0,0,137,8.506108041142552,7150,72.35387400759,1,0.145367412140575,0.0,0,1,0.3525647686338627,273,0.1243019160818491
1142,1,380,19.753940455341507,10.0,1,379,34.08714224847535,22559,1161.933266667793,1,0.1129597197898423,0.0,0,1,0.3166822367013449,129,0.1002876390421666,116,2.3117338003502628,1.0,1,115,5.013480754801946,2640,25.13498927876949,1,0.24430823117338,0.0,0,1,0.4298645441241034,279,0.1847835262950233,79,2.4229422066549917,1.0,0,79,5.2806194788863285,2767,27.88494208079372,335,17.260945709281962,9.0,1,334,29.50150010563175,19712,870.3385084825901,9,1.1523642732049038,1.0,0,9,1.1224303075567583,1316,1.2598497953219592,1,0.6094570928196147,1.0,0,1,0.4880858024646188,696,0.2382277505675309,140,3.978108581436077,1.0,0,140,10.324891118661428,4543,106.6033766122136,161,5.057793345008757,1.0,0,161,13.063593718448676,5776,170.6574808406917,1,0.1313485113835376,0.0,0,1,0.3379290998201125,150,0.1141960765052315
306,1,355,17.143790849673202,5.0,2,353,38.48566576683801,5246,1481.146469516767,1,0.1111111111111111,0.0,0,1,0.3147844551238408,34,0.0990892531876133,160,3.741830065359477,1.0,1,159,10.600433733032084,1145,112.3691953284045,1,0.2124183006535947,0.0,0,1,0.4096892483194776,65,0.1678452801885786,41,1.1274509803921569,0.0,0,41,4.258079845775445,345,18.131243972999037,324,15.9281045751634,5.0,2,322,34.71610474771902,4874,1205.2079288545992,9,1.1339869281045751,1.0,0,9,1.1184100775064203,347,1.2508411014679175,1,0.6928104575163399,1.0,0,1,0.4620843121085571,212,0.2135219114968384,156,5.431372549019608,1.0,0,156,15.15505205204179,1662,229.6756027000961,171,6.104575163398692,1.0,0,171,16.967534437887227,1868,287.89722490088906,1,0.0816993464052287,0.0,0,1,0.2743547801235128,25,0.075270545376621
1311,1,519,18.522501906941265,10.0,1,518,31.16828352440698,24283,971.4618978578196,1,0.0831426392067124,0.0,0,1,0.2762030621606548,109,0.0762881315469225,116,2.1975591151792524,1.0,1,115,4.521182729571357,2881,20.441093274174303,1,0.2227307398932113,0.0,0,1,0.4162378063236363,292,0.1732539114131129,79,2.287566742944317,1.0,0,79,5.061800311682724,2999,25.62182239535132,469,16.086193745232645,9.0,1,468,26.537159027330446,21089,704.2208092418258,8,1.0816170861937453,1.0,0,8,1.1182957903162878,1418,1.2505854746391305,1,0.6262395118230358,1.0,0,1,0.4839858057294144,821,0.2342422601475504,226,3.5583524027459954,1.0,0,226,9.114424690347876,4665,83.07273743602299,275,4.565217391304348,1.0,0,275,12.35450203546496,5985,152.63372054430786,1,0.1517925247902364,0.0,0,1,0.3589565960352477,199,0.128849837837212
2407,1,1146,21.80764437058579,10.0,1,1145,47.76750783097452,52491,2281.734804382212,1,0.087660988782717,0.0,0,1,0.2828600012116833,211,0.0800097802854735,116,2.808475280432073,1.0,1,115,5.141178399787076,6760,26.43171533843719,1,0.2239302035729123,0.0,0,1,0.4169624653815605,539,0.173857697537069,144,2.8986289987536358,1.0,0,144,7.945556260419263,6977,63.131864287487744,867,18.679268799335272,9.0,1,866,38.29977783670914,44961,1466.8729823412764,29,1.2829248026589115,1.0,0,29,1.5332730041696965,3088,2.3509261053155663,1,0.5886996260905691,1.0,0,1,0.4921717314406481,1417,0.2422330132292854,190,4.126298296634815,1.0,0,190,9.951369812554812,9932,99.02976114622722,354,4.869962609056917,1.0,0,354,13.925796378603216,11722,193.9278047783185,1,0.1578728707935189,0.0,0,1,0.3646975250064434,380,0.1330042847458254
290,1,355,17.22758620689655,5.0,2,353,39.301292903812026,4996,1544.5916239112255,1,0.1068965517241379,0.0,0,1,0.309515789360576,31,0.0958000238635004,159,3.7620689655172415,1.0,1,158,10.754347758212472,1091,115.65599570456963,1,0.2137931034482758,0.0,0,1,0.4106911534008069,62,0.1686672234816851,41,1.1620689655172414,0.0,0,41,4.364603914545674,337,19.04976733086741,324,15.975862068965515,5.0,2,322,35.42978000973194,4633,1255.2693115380011,9,1.1241379310344828,1.0,0,9,1.1028918176920353,326,1.2163703615320416,1,0.6931034482758621,1.0,0,1,0.4620033362293291,201,0.2134470826870305,156,5.43448275862069,1.0,0,156,15.476430922257183,1576,239.5199140913984,171,6.113793103448276,1.0,0,171,17.286637520745746,1773,298.82783677365467,1,0.0827586206896551,0.0,0,1,0.2759932870118398,24,0.0761722944755998
330,1,368,15.893939393939394,5.0,2,366,36.79464444472787,5245,1353.845859813944,1,0.1,0.0,0,1,0.3004555811280655,33,0.0902735562310035,182,3.5636363636363635,1.0,1,181,11.50514139547966,1176,132.36827852997965,1,0.2212121212121212,0.0,0,1,0.4156933459983952,73,0.1728009579073415,41,1.0242424242424242,0.0,0,41,4.046765401479082,338,16.376310214608154,337,14.818181818181818,5.0,2,335,33.27060875635605,4890,1106.9334070185157,9,0.993939393939394,1.0,0,9,1.0195473678164786,328,1.0394768352215098,1,0.6909090909090909,1.0,0,1,0.4628205034979951,228,0.2142028184581377,165,5.115151515151515,1.0,0,165,14.900442073614196,1688,222.0231739891321,179,5.790909090909091,1.0,0,179,16.618605013829956,1911,276.17803260569417,1,0.103030303030303,0.0,0,1,0.3044601066244051,34,0.0926959565257441
2107,1,955,22.06312292358804,10.0,1,954,43.99191955421111,46487,1935.288986064182,1,0.0934978642619838,0.0,0,1,0.2911979715951915,197,0.0847962586611539,116,2.850023730422401,1.0,1,115,5.150379046286235,6005,26.52640432042431,1,0.1983863312766967,0.0,0,1,0.3988793141759355,418,0.1591047072774646,222,2.9667774086378738,1.0,0,222,8.173268289903929,6251,66.80231453874909,733,18.92738490745135,9.0,1,732,35.577743410157275,39880,1265.7758261589895,29,1.3080208827717132,1.0,0,29,1.575135389209626,2756,2.4810514943405604,1,0.6046511627906976,1.0,0,1,0.4890415547399064,1274,0.2391616422624249,180,4.179401993355482,2.0,0,180,9.309447101746882,8806,86.66580534022341,198,4.818224964404366,1.0,0,198,11.97217770553853,10152,143.3330390129938,1,0.1623160892263882,0.0,0,1,0.3688280620511435,342,0.1360341393564021
2665,1,955,21.140712945590995,10.0,1,954,41.047033342109096,56340,1684.8589461882157,1,0.0874296435272045,0.0,0,1,0.2825166376469811,233,0.0798156505473556,117,2.95422138836773,1.0,0,117,5.5431834275107095,7873,30.72688251102938,1,0.2075046904315197,0.0,0,1,0.405596132926354,553,0.1645082230448126,222,2.7557223264540336,1.0,0,222,7.629265784422137,7344,58.20569640935432,733,18.23414634146341,9.0,1,732,33.30775985596649,48594,1109.4068666227329,29,1.2544090056285178,1.0,0,29,1.5106616460769688,3343,2.282098608927977,1,0.575984990619137,1.0,0,1,0.4942852999357675,1535,0.2443179577325916,172,4.21125703564728,2.0,0,172,9.00333735021585,11223,81.06008344179176,188,4.744465290806755,1.0,0,188,11.306887880277978,12644,127.84571353717703,1,0.1557223264540337,0.0,0,1,0.3626599442739371,415,0.1315222351807752
1753,1,955,22.1374786081004,10.0,1,954,44.316819809956826,38807,1963.9805180681817,1,0.0912721049629207,0.0,0,1,0.2880778520848724,160,0.0829888488618336,116,2.735881346263548,1.0,0,116,5.654871877362367,4796,31.977575949383777,1,0.2173416999429549,0.0,0,1,0.4125546956416442,381,0.1702013768959697,222,2.7102110667427266,1.0,0,222,7.606803732593661,4751,57.86346302620086,733,19.343981745579008,9.0,1,732,37.90737313227628,33910,1436.9689377896216,29,1.294352538505419,1.0,0,29,1.596606362861178,2269,2.549151877928799,1,0.6155162578436966,1.0,0,1,0.4866118286643194,1079,0.2367910717960329,164,4.549914432401597,2.0,0,164,10.875275740144671,7976,118.2716224241792,212,5.254420992584142,2.0,0,212,13.838404642798404,9211,191.50144305782447,1,0.1688533941814033,0.0,0,1,0.3747292746684618,296,0.1404220292935514
10113,1,1065,20.097794917433006,9.0,1,1064,36.7381125299782,203249,1349.6889122653413,1,0.0872144764164936,0.0,0,1,0.282163045343455,882,0.0796159841574926,3195,4.10639770592307,2.0,0,3195,35.185931761364,41528,1238.0497939153638,1,0.1975674873924651,0.0,0,1,0.3981836927642337,1998,0.1585502531833616,136,2.520814792840898,1.0,0,136,6.162134496360543,25493,37.971901551236606,886,17.419262335607634,8.0,1,885,30.250487638110076,176161,915.0920023434504,29,1.0935429645011372,1.0,0,29,1.3255457869366698,11059,1.7570716332655554,1,0.6060516167309403,1.0,0,1,0.4886477928452359,6129,0.2387766654525206,242,5.109067536833778,2.0,0,242,11.01690075769408,51668,121.3721023048804,280,4.724018589933749,1.0,0,280,10.791953093432683,47774,116.46625157085133,1,0.1680015821220211,0.0,0,1,0.3738861770849577,1699,0.1397908734152043
2715,1,955,21.03572744014733,10.0,1,954,42.19795584723772,57112,1780.6674776854238,1,0.0931860036832412,0.0,0,1,0.2907464671001554,253,0.0845335081312217,116,3.0187845303867404,1.0,0,116,5.47722698737614,8196,30.000015471241507,1,0.2438305709023941,0.0,0,1,0.4294707896909064,662,0.1844451591977308,222,2.761694290976059,1.0,0,222,7.57776719841892,7498,57.42255571343373,733,18.133701657458563,9.0,1,732,34.51653916834721,49233,1191.391476160047,29,1.292449355432781,1.0,0,29,1.5094635408659274,3509,2.278480181203503,1,0.6154696132596685,1.0,0,1,0.486573705221298,1671,0.2367539706127825,211,4.439042357274402,2.0,0,211,10.66006296134158,12052,113.63694233976658,251,4.888397790055248,2.0,0,251,12.308446580824738,13272,151.4978572330162,1,0.1451197053406998,0.0,0,1,0.3522863715521087,394,0.1241056875813503
2151,1,955,21.695490469549046,10.0,1,954,42.973889023384906,46667,1846.755137794202,1,0.0906555090655509,0.0,0,1,0.2871853592596988,195,0.0824754305731223,116,2.8149697814969783,1.0,0,116,5.18030069940886,6055,26.83551533629592,1,0.2147838214783821,0.0,0,1,0.410767786194762,462,0.1687301741753457,222,2.933984193398419,1.0,0,222,8.042694959517222,6311,64.68494221184372,733,18.600650860065087,9.0,1,732,34.66077441860056,40010,1201.3692832971149,29,1.297536029753603,1.0,0,29,1.5679310825145352,2791,2.458407879515202,1,0.602510460251046,1.0,0,1,0.489492591346957,1296,0.239602996983559,169,4.131101813110181,2.0,0,169,8.954952619268894,8886,80.19117641335082,188,4.767085076708508,2.0,0,188,11.563782869089898,10254,133.721074243457,1,0.1696885169688517,0.0,0,1,0.3754462097578914,365,0.1409598564215666
161,1,291,14.13664596273292,5.0,2,289,31.30564982842752,2276,980.043711180124,1,0.1428571428571428,0.0,0,1,0.3510189250087318,23,0.1232142857142856,170,3.670807453416149,1.0,1,169,14.540364677990162,591,211.42220496894396,1,0.2795031055900621,0.0,0,1,0.4501552527215416,45,0.2026397515527949,28,0.8260869565217391,0.0,0,28,2.9823757673021896,133,8.894565217391323,263,13.285714285714286,5.0,2,261,28.603633635306863,2139,818.1678571428582,5,1.0745341614906831,1.0,0,5,1.0520978746714589,173,1.1069099378882,1,0.6273291925465838,1.0,0,1,0.4850241717739114,101,0.2352484472049686,132,4.770186335403727,1.0,0,132,14.387168087919951,768,206.99060559006224,151,5.37888198757764,1.0,0,151,16.341260699292285,866,267.03680124223456,1,0.093167701863354,0.0,0,1,0.2915742237412465,15,0.0850155279503105
1983,1,955,21.959152798789717,10.0,1,954,44.10882155463699,43545,1945.588138938809,1,0.0912758446797781,0.0,0,1,0.2880736256246053,181,0.0829864137805052,116,2.832072617246596,1.0,0,116,5.204548589935247,5616,27.08732602499697,1,0.1901159858799798,0.0,0,1,0.3924915067970194,377,0.1540495829077947,222,3.032778618255169,1.0,0,222,8.318364708142166,6014,69.1951914176651,733,18.75340393343419,9.0,1,732,35.45643291388054,37188,1257.1586349765114,29,1.2934947049924357,1.0,0,29,1.597043509927196,2565,2.5505479726005778,1,0.6086737266767523,1.0,0,1,0.4881702548600806,1207,0.238310197730156,136,3.992435703479576,2.0,0,136,8.639339497341693,7917,74.6381869503282,188,4.562783661119516,1.0,0,188,11.412412326634264,9048,130.2431551131137,1,0.1633888048411497,0.0,0,1,0.3698132913373707,324,0.136761870449779
2397,1,1146,21.75636211931581,10.0,1,1145,47.78509782424317,52150,2283.415574072489,1,0.0880267000417188,0.0,0,1,0.2833928459398333,211,0.0803115051298781,116,2.8051731330830205,1.0,1,115,5.128890308680519,6724,26.30551579847695,1,0.2223612849395077,0.0,0,1,0.4159193585593209,533,0.172988912824397,144,2.900709219858156,1.0,0,144,7.956747873692587,6953,63.3098367255115,867,18.624947851481014,9.0,1,866,38.29125612384552,44644,1466.220295541937,29,1.2845223195661244,1.0,0,29,1.5350599084055323,3079,2.356408922394002,1,0.5886524822695035,1.0,0,1,0.4921806556492991,1411,0.2422417977953739,190,4.095118898623279,1.0,0,190,9.911172952117086,9816,98.23134928677732,354,4.839799749687109,1.0,0,354,13.896326172593676,11601,193.107881095112,1,0.1581143095536086,0.0,0,1,0.3649242818752369,379,0.1331697315021574
1297,1,346,17.38627602158828,10.0,1,345,26.92452694130868,22550,724.9301510132569,1,0.1063993831919815,0.0,0,1,0.3084670444804176,138,0.0951519175304839,259,2.319969159599075,1.0,0,259,7.730521758957701,3009,59.76096666571846,1,0.2328450269853508,0.0,0,1,0.4228073447925289,302,0.1787660508105084,79,2.1349267540478025,1.0,0,79,4.782409561886621,2769,22.871441217624582,267,15.171935235158058,8.0,1,266,22.692806591968598,19678,514.9634710204933,8,1.1156515034695451,1.0,0,8,1.1078606185172315,1447,1.2273551500613828,1,0.6183500385505012,1.0,0,1,0.4859787669707137,802,0.2361753619463752,102,3.251349267540478,1.0,0,102,6.404814700024701,4217,41.02165134165251,161,4.040092521202776,1.0,0,161,9.319347788408225,5240,86.85024320130923,1,0.1395528141865844,0.0,0,1,0.3466561392545825,181,0.1201704788828925
204,1,1185,23.87745098039216,5.0,1,1184,93.526581039607,4871,8747.221360958174,1,0.196078431372549,0.0,0,1,0.3980052648678807,40,0.1584081908625518,95,3.3480392156862746,1.0,1,94,8.934432539693645,683,79.82408480633664,1,0.1568627450980392,0.0,0,1,0.3645659552784551,32,0.1329083357480925,347,3.32843137254902,0.0,0,347,24.88624316776481,679,619.3250990051208,838,20.54901960784314,5.0,1,837,70.99921979047907,4192,5040.889210856755,5,1.1176470588235294,1.0,0,5,1.043809975034467,228,1.0895392639814545,1,0.6617647058823529,1.0,0,1,0.4742729187997235,135,0.2249348015068091,241,3.9705882352941178,1.0,0,241,18.21813954604777,810,331.9006085192695,303,4.529411764705882,1.0,0,303,22.80230127628871,924,519.9449434946378,1,0.1127450980392156,0.0,0,1,0.3170590125884097,23,0.1005264174635373
1704,1,955,21.379694835680752,10.0,1,954,42.96845951257644,36431,1846.2885128839207,1,0.0886150234741784,0.0,0,1,0.2842706891237503,151,0.0808098246948919,116,2.664319248826291,1.0,1,115,5.272046549038174,4540,27.79447481522532,1,0.2218309859154929,0.0,0,1,0.4156000037045697,378,0.1727233630792383,222,2.821009389671361,1.0,0,222,8.010944065295515,4807,64.17522481729343,733,18.461854460093896,9.0,1,732,35.39862354330965,31459,1253.062548760956,29,1.3092723004694835,1.0,0,29,1.6022615948196817,2231,2.5672422182341097,1,0.6238262910798122,1.0,0,1,0.4845666578588409,1063,0.234804845908487,156,4.2018779342723,2.0,0,156,10.324635293623473,7160,106.59809394633544,144,4.693075117370892,1.0,0,144,11.74640231241114,7997,137.97796728501777,1,0.142018779342723,0.0,0,1,0.3491718710559845,242,0.121920995536737
1208,1,353,20.697847682119207,10.0,1,352,35.52413458292486,25003,1261.964137865758,1,0.1225165562913907,0.0,0,1,0.3280172536595002,148,0.1075953186983209,116,2.3327814569536423,1.0,1,115,5.0014266278159205,2818,25.01426831342613,1,0.2549668874172185,0.0,0,1,0.4360231125304328,308,0.1901161546607265,79,2.5745033112582782,1.0,0,79,5.634055424992427,3110,31.742580531886595,317,18.03476821192053,9.0,1,316,30.452518349858423,21786,927.355873848464,9,1.1870860927152318,1.0,0,9,1.1584202535706294,1434,1.3419374838826414,1,0.6034768211920529,1.0,0,1,0.4893779740146692,729,0.2394908014507022,141,4.1448675496688745,1.0,0,141,10.234113243690327,5007,104.73707388467774,161,5.305463576158941,1.0,0,161,13.061776737857109,6409,170.61001154962506,1,0.1382450331125828,0.0,0,1,0.3452999362251324,167,0.1192320459570804
328,1,368,15.917682926829269,5.0,2,366,36.90042711433376,5221,1361.641521220258,1,0.1006097560975609,0.0,0,1,0.3012708964609329,33,0.0907641530543742,182,3.567073170731707,1.0,1,181,11.530643177215048,1170,132.95573208025593,1,0.2225609756097561,0.0,0,1,0.4166013971404202,73,0.1735567240993501,41,1.0304878048780488,0.0,0,41,4.058326707333865,338,16.470015663459332,337,14.835365853658535,5.0,2,335,33.36560103740761,4866,1113.2633325874558,9,0.9939024390243902,1.0,0,9,1.022660386287701,326,1.0458342656821098,1,0.6890243902439024,1.0,0,1,0.4636000853738584,226,0.2149250391586487,165,5.128048780487805,1.0,0,165,14.937650433131846,1682,223.1334004624441,179,5.789634146341464,1.0,0,179,16.664937349681228,1899,277.72013686880035,1,0.1036585365853658,0.0,0,1,0.3052827924269243,34,0.0931975833519806
786,1,503,22.70737913486005,10.0,2,501,40.71649217808338,17848,1657.8327352879248,1,0.0381679389312977,0.0,0,1,0.1917235331456748,30,0.0367579131618606,221,2.49618320610687,1.0,0,221,9.038804423900682,1962,81.69998541352653,1,0.3498727735368956,0.0,0,1,0.477233251303275,275,0.2277515761494948,82,2.9033078880407124,1.0,0,82,6.979738775566553,2282,48.716753375147285,420,19.62086513994911,9.0,2,418,33.92980798389265,15422,1151.2318698238255,6,1.2061068702290076,1.0,0,6,1.1590742445968607,948,1.343453104487783,1,0.6272264631043257,1.0,0,1,0.4838504713084788,493,0.2341112785854371,222,4.487277353689567,2.0,0,222,11.29671463280148,3527,127.6157614949511,220,5.82824427480916,2.0,0,220,14.280707799596316,4581,203.93861525745103,1,0.1653944020356234,0.0,0,1,0.3717726990921752,130,0.138214939790281
532,1,411,16.336466165413533,5.0,2,409,34.06117163981882,8691,1160.1634134771975,1,0.0921052631578947,0.0,0,1,0.2894466508070111,49,0.0837793636633958,220,3.736842105263158,1.0,1,219,12.316231683850202,1988,151.68956289027557,1,0.3233082706766917,0.0,0,1,0.4681795039473633,172,0.2191920479163992,47,1.3289473684210529,0.0,0,47,4.174046393687988,707,17.422663296659692,369,14.968045112781954,5.0,2,367,30.23960987200009,7963,914.4340052107652,9,1.18796992481203,1.0,0,9,1.0988806216157871,632,1.2075386205626988,1,0.7105263157894737,1.0,0,1,0.4539449443367005,378,0.2060660124888501,170,5.396616541353383,1.0,0,170,13.356428720058386,2871,178.3941881540005,191,6.204887218045113,1.0,0,191,15.393682961802874,3301,236.9654751285001,1,0.1221804511278195,0.0,0,1,0.3278023343255059,65,0.1074543703892507
113,1,47,6.9734513274336285,5.0,3,44,6.753914443003649,788,45.61536030341328,1,0.168141592920354,0.0,0,1,0.3756578721593588,19,0.1411188369152972,6,1.6371681415929205,1.0,1,5,1.0861296530625126,185,1.179677623261694,1,0.1150442477876106,0.0,0,1,0.3204966121221803,13,0.1027180783817952,4,0.2212389380530973,0.0,0,4,0.7286792513358915,25,0.5309734513274353,43,6.752212389380531,5.0,3,40,6.183981284408658,763,38.24162452591656,7,0.8495575221238938,1.0,0,7,0.9748739748044096,96,0.9503792667509486,1,0.7964601769911505,1.0,0,1,0.4044240180137636,90,0.163558786346397,13,1.7433628318584071,1.0,0,13,2.3329118877716337,197,5.442477876106208,22,1.9115044247787607,1.0,0,22,3.1468735111328385,216,9.90281289506952,1,0.0176991150442477,0.0,0,1,0.1324427696454307,2,0.0175410872313526
2302,1,955,21.152041702867077,10.0,1,954,42.15182707308554,48692,1776.7765255993074,1,0.0929626411815812,0.0,0,1,0.2904431677951508,214,0.0843572337188821,116,2.8370981754995657,1.0,1,115,5.125793175530792,6531,26.273755678318047,1,0.1933101650738488,0.0,0,1,0.3949798935035997,445,0.156009116272115,222,2.823631624674196,1.0,0,222,7.864464509192474,6500,61.84980201634802,733,18.156820156385752,9.0,1,732,34.01904257442914,41797,1157.2952576808227,29,1.2997393570807994,1.0,0,29,1.5507046306876044,2992,2.40468485163598,1,0.6016507384882711,1.0,0,1,0.4896644618283448,1385,0.2397712851776425,156,4.0338835794960906,2.0,0,156,9.0677434302775,9286,82.2239709173408,172,4.527367506516073,1.0,0,172,10.97200768149736,10422,120.38495256283706,1,0.1520417028670721,0.0,0,1,0.3591393231790521,350,0.1289810534535076
1739,1,955,20.34617596319724,10.0,1,954,37.924320512653374,35382,1438.2540863464617,1,0.0920069005175388,0.0,0,1,0.2891188310303976,160,0.0835896984563836,116,2.580218516388729,1.0,0,116,4.984646133413389,4487,24.84669707535305,1,0.2110408280621046,0.0,0,1,0.4081646704665078,367,0.1665983982170329,222,2.7044278320874064,1.0,0,222,7.599439591782061,4703,57.751482109144696,733,17.549741230592293,9.0,1,732,30.75447938019452,30519,945.83800194681,29,1.2518688901667625,1.0,0,29,1.5710414161462387,2177,2.468171131246779,1,0.6377228292121909,1.0,0,1,0.4807965810622591,1109,0.2311653523611574,90,3.7843588269120185,2.0,0,90,7.085461157605295,6581,50.20375981593337,161,4.384128809660725,2.0,0,161,9.026473082816652,7624,81.47721631481356,1,0.1454859114433582,0.0,0,1,0.3526914960304136,253,0.1243912913721712
2092,1,849,19.52485659655832,10.0,1,848,38.26296354783476,40846,1464.0543794629314,1,0.0917782026768642,0.0,0,1,0.28878162662247,192,0.0833948278747197,221,2.44263862332696,1.0,1,220,6.73236814140404,5110,45.32478079139209,1,0.2442638623326959,0.0,0,1,0.4297526155176142,511,0.1846873105442303,100,2.4388145315487573,1.0,0,100,5.882362172208575,5102,34.602184725030384,597,16.90152963671128,8.0,1,596,31.248955717454862,35358,976.4972334314552,9,1.094168260038241,1.0,0,9,1.1493971248998636,2289,1.3211137507280724,1,0.6032504780114722,1.0,0,1,0.4893401684453202,1262,0.2394538004540943,222,3.974665391969407,2.0,0,222,10.686472613678218,8315,114.20069692289456,298,4.881931166347992,1.0,0,298,13.945234089146542,10213,194.4695538010948,1,0.1352772466539196,0.0,0,1,0.3421012371080568,283,0.1170332564308629
441,1,409,15.124716553287982,5.0,2,407,34.66784404070776,6670,1201.8594104308363,1,0.0816326530612244,0.0,0,1,0.2741152067429281,36,0.0751391465677182,262,3.512471655328798,1.0,1,261,14.127196643828512,1549,199.5776850133996,1,0.2471655328798186,0.0,0,1,0.4318537129107168,109,0.1864976293547718,47,1.0657596371882083,0.0,0,47,4.197697683503937,470,17.62066584209432,368,14.004535147392293,5.0,2,366,31.059619755974087,6176,964.6999793856958,5,1.0521541950113378,1.0,0,5,0.9017665157329444,464,0.8131828488971344,1,0.7596371882086168,1.0,0,1,0.4277890887248945,335,0.1830035044320756,170,5.208616780045351,1.0,0,170,14.472293847856976,2297,209.44728921871888,191,5.782312925170068,1.0,0,191,16.15627531057038,2550,261.025231910946,1,0.0816326530612244,0.0,0,1,0.274115206742928,36,0.0751391465677182
364,1,1185,19.51923076923077,5.0,1,1184,72.25587501988153,7105,5220.911474888739,1,0.1510989010989011,0.0,0,1,0.358638228053533,55,0.128621378621378,168,3.7527472527472527,1.0,1,167,13.518047038592329,1366,182.7375957375948,1,0.2032967032967033,0.0,0,1,0.4030053898293748,74,0.1624133442315264,347,2.43956043956044,0.0,0,347,18.924794639516005,888,358.1478521478537,838,17.02747252747253,5.0,1,837,54.739395749659245,6198,2996.401447037813,9,1.112637362637363,1.0,0,9,1.0580686549559015,405,1.1195092786001908,1,0.7060439560439561,1.0,0,1,0.4561991231203996,257,0.2081176399358215,241,5.071428571428571,1.0,0,241,18.593086695992486,1846,345.7028728846928,303,5.782967032967033,1.0,0,303,22.16752236768409,2105,491.39904792177424,1,0.0576923076923076,0.0,0,1,0.2334816227244271,21,0.0545136681500317
1122,1,353,19.70409982174688,10.0,1,352,34.035503333882666,22108,1158.4154871907378,1,0.1524064171122994,0.0,0,1,0.3595746603595743,171,0.1292939363727032,88,2.307486631016043,1.0,1,87,3.763873191618782,2589,14.166741402586558,1,0.2023172905525846,0.0,0,1,0.4019066679089741,227,0.1615289697096943,52,2.3244206773618536,1.0,0,52,4.934351441795664,2608,24.347824151150952,317,17.279857397504458,8.0,1,316,29.5788175040772,19388,874.9064449395038,9,1.1131907308377895,1.0,0,9,1.1546843574645853,1249,1.333295965373402,1,0.6024955436720143,1.0,0,1,0.4896001504238138,676,0.239708307295021,140,4.288770053475936,1.0,0,140,10.602056526417904,4812,112.40360258936047,161,5.361853832442068,1.0,0,161,13.580798198202196,6016,184.4380797002921,1,0.1327985739750445,0.0,0,1,0.3395082402646522,149,0.1152658452076008
1756,1,713,20.162870159453306,10.0,1,712,36.27861023744348,35406,1316.1375607603388,1,0.0780182232346241,0.0,0,1,0.2682766605936753,137,0.071972366619294,116,2.6059225512528474,1.0,1,115,5.009352984673057,4576,25.093617325052858,1,0.2084282460136674,0.0,0,1,0.4063002846961269,366,0.1650799213441538,139,2.7101366742596813,1.0,0,139,6.800764979897044,4759,46.25040431179404,574,17.317198177676538,9.0,1,573,29.81485433155729,30409,888.9255388119803,29,1.2482915717539864,1.0,0,29,1.598743251930315,2192,2.5559799855927188,1,0.6446469248291572,1.0,0,1,0.4787565096108935,1132,0.2292077954948056,116,3.65375854214123,2.0,0,116,7.3330802284845795,6416,53.77406563739145,161,4.105922551252847,1.0,0,161,9.111287211310492,7210,83.01555464699011,1,0.1605922551252847,0.0,0,1,0.3672590273819591,282,0.1348791931935425
3835,1,931,22.014602346805734,10.0,1,930,44.96068874195949,84426,2021.463532151363,1,0.0769230769230769,0.0,0,1,0.2665041035736886,295,0.0710244372216153,259,3.1921773142112126,1.0,1,258,7.352183862151791,12242,54.05460754288522,1,0.2148631029986962,0.0,0,1,0.4107809029351839,824,0.168740950216245,145,3.0140808344198176,1.0,0,145,7.795629629713568,11559,60.771841323668106,707,18.79478487614081,9.0,1,706,36.05573518271949,72078,1300.016039566396,29,1.197131681877445,1.0,0,29,1.4857143107514903,4591,2.2073470131717765,1,0.5616688396349413,1.0,0,1,0.4962470839640397,2154,0.2462611683428127,213,4.415384615384616,2.0,0,213,10.224492318370242,16933,104.54024316841208,316,4.809387222946545,1.0,0,316,12.968217459391568,18444,168.1746640740683,1,0.1616688396349413,0.0,0,1,0.3681947527584708,620,0.1355673759588714
1737,1,931,20.177317213586644,10.0,1,930,41.24102601936942,35048,1700.8222271303057,1,0.0892343120322395,0.0,0,1,0.2851637511976609,155,0.0813183649971214,212,2.386873920552677,1.0,1,211,6.728268513670072,4146,45.26959719204408,1,0.2694300518134715,0.0,0,1,0.443791487806335,468,0.1969508846493604,119,2.5043177892918824,1.0,0,119,6.315359523270871,4350,39.88376590816808,673,17.489349453080024,9.0,1,672,33.64606417095995,30379,1132.057634196355,9,1.120322394933794,1.0,0,9,1.1424599085068317,1946,1.3052146425454385,1,0.5820379965457686,1.0,0,1,0.4933658880355283,1011,0.2434098994770854,213,4.075417386298216,1.0,0,213,11.295953771784085,7079,127.59857161428305,316,5.092112838226828,1.0,0,316,14.818705911775854,8845,219.59404489970063,1,0.128957973517559,0.0,0,1,0.3352499359375381,224,0.1123925195461234
1731,1,955,21.226458694396303,10.0,1,954,42.73198655872874,36743,1826.022675255374,1,0.0872328134026574,0.0,0,1,0.2822574616698837,151,0.0796692746683258,116,2.6522241478913924,1.0,1,115,5.244024341389013,4591,27.499791293080467,1,0.2224147891392258,0.0,0,1,0.4159884851267356,385,0.1730464197580363,222,2.7954939341421143,1.0,0,222,7.954771166282025,4839,63.27838430791188,733,18.33564413633738,9.0,1,732,35.22428542461073,31739,1240.7502836744438,29,1.303292894280763,1.0,0,29,1.590755669940116,2256,2.530503601446627,1,0.6244945118428654,1.0,0,1,0.484393090680849,1081,0.2346366662993452,156,4.194107452339688,2.0,0,156,10.446029195414592,7260,109.11952595145404,144,4.661467359907568,1.0,0,144,11.71855945774418,8069,137.32463576468558,1,0.1409589832466782,0.0,0,1,0.34807979293158,244,0.1211595422472916
1747,1,1146,20.396680022896398,10.0,1,1145,45.71595466911104,35633,2089.948511308215,1,0.1036061820263308,0.0,0,1,0.3048362385493152,181,0.0929251323328949,116,2.5283342873497423,1.0,1,115,5.091901541974204,4417,25.92746131315928,1,0.2404121350887235,0.0,0,1,0.4274561151639222,420,0.1827187303910323,144,2.63480251860332,1.0,0,144,6.971099068737721,4603,48.59622222615592,867,17.48712077847739,9.0,1,866,36.27984382143376,30550,1316.227067707625,8,1.1431024613623355,1.0,0,8,1.1783228185660366,1997,1.3884446647534086,1,0.5598168288494562,1.0,0,1,0.4965511878166569,978,0.2465630821221329,190,3.840870062965083,1.0,0,190,9.798828794751708,6710,96.01704574885518,354,5.068689181453921,1.0,0,354,15.239699116167976,8855,232.248429151331,1,0.1482541499713795,0.0,0,1,0.3554534840974947,259,0.1263471793570479
1232,1,346,19.055194805194805,10.0,1,345,30.823338330349102,23476,950.0781858271685,1,0.1079545454545454,0.0,0,1,0.3104490150508106,133,0.0963785909460184,116,2.3449675324675323,1.0,0,116,4.815051273265563,2889,23.18471876417632,1,0.2402597402597402,0.0,0,1,0.4274146456927399,296,0.1826832793526504,79,2.387987012987013,1.0,0,79,5.103203164763792,2942,26.04268254085518,301,16.59659090909091,9.0,1,300,26.34900586778962,20447,694.2701102208118,8,1.082792207792208,1.0,0,8,1.0798934849862063,1334,1.1661699389156537,1,0.6217532467532467,1.0,0,1,0.4851465672387147,766,0.2353671917035087,136,3.780844155844156,1.0,0,136,8.727428956093148,4658,76.16801618365314,161,4.79301948051948,2.0,0,161,11.397486432013798,5905,129.90269696793862,1,0.1298701298701298,0.0,0,1,0.336297008130195,160,0.1130956776773204
2329,1,1146,21.942893945899527,10.0,1,1145,48.046974637973065,51105,2308.511771862027,1,0.08587376556462,0.0,0,1,0.2802377234644245,200,0.0785331816525232,116,2.8127951910691285,1.0,1,115,5.075138966124479,6551,25.757035525475047,1,0.2284242164018892,0.0,0,1,0.4199074910772513,532,0.1763223010627919,144,2.9587805925289823,1.0,0,144,8.047913940103985,6891,64.76891878732005,867,18.745813653928725,9.0,1,866,38.38989657186629,43659,1473.784158798591,29,1.2992700729927007,1.0,0,29,1.5573802733356192,3026,2.4254333157749284,1,0.5848003434950623,1.0,0,1,0.4928622536769604,1362,0.2429132010995325,190,4.106912838127952,1.0,0,190,9.610775263276876,9565,92.3670011612147,354,4.887934735938171,1.0,0,354,13.890492047272003,11384,192.9457693153268,1,0.1601545727780163,0.0,0,1,0.3668281105571494,373,0.1345628626949282
324,1,200,13.632716049382717,5.0,2,198,24.492071959821324,4417,599.8615888850659,1,0.0339506172839506,0.0,0,1,0.1813822333682692,11,0.0328995145816612,146,3.4753086419753085,1.0,1,145,11.187509962516742,1126,125.16037916141136,1,0.2314814814814814,0.0,0,1,0.4224317369841206,75,0.1784485724114212,34,0.9197530864197532,0.0,0,34,3.236744140698079,298,10.476512632343344,166,12.712962962962964,5.0,2,164,21.66307622866674,4119,469.2888716890259,5,0.9537037037037036,1.0,0,5,0.8803066513900681,309,0.774939800481595,1,0.941358024691358,1.0,0,1,0.2353168108156169,305,0.0553740014524328,80,5.280864197530864,1.0,0,80,10.965671364620452,1711,120.245948476857,91,5.314814814814815,1.0,0,91,11.639301534597264,1722,135.47334021327822,1,0.0246913580246913,0.0,0,1,0.1554228142662299,8,0.024156251194435
1795,1,955,21.137604456824512,10.0,1,954,42.0808997609717,37942,1770.8021246929477,1,0.0857938718662952,0.0,0,1,0.2801374719587267,154,0.0784770031954264,116,2.667409470752089,1.0,1,115,5.280770285927069,4788,27.88653481273026,1,0.2256267409470752,0.0,0,1,0.4181108772072774,405,0.174816705639039,222,2.7899721448467965,1.0,0,222,7.857205949906477,5008,61.73568533924575,733,18.25348189415042,9.0,1,732,34.62646401074594,32765,1198.992009887484,29,1.3086350974930363,1.0,0,29,1.5899307172366086,2349,2.527879685612517,1,0.6222841225626741,1.0,0,1,0.484951143453713,1117,0.2351776115370637,156,4.19108635097493,2.0,0,156,10.136511304030169,7523,102.74886141673134,145,4.685793871866295,1.0,0,145,11.500152384811058,8411,132.25350487387547,1,0.1476323119777158,0.0,0,1,0.3548339832936824,265,0.1259071557000612
2290,1,955,21.25545851528384,10.0,1,954,42.45628675680795,48675,1802.536285176306,1,0.0890829694323144,0.0,0,1,0.2849256831633228,204,0.0811826449260862,116,2.846288209606987,1.0,0,116,5.144818167383457,6518,26.469153975438875,1,0.2109170305676856,0.0,0,1,0.4080487052344622,483,0.166503745843521,222,2.8524017467248908,1.0,0,222,7.911373207817562,6532,62.589826033373534,733,18.234497816593887,9.0,1,732,34.26695416806872,41757,1174.2241479565223,29,1.3034934497816597,1.0,0,29,1.5467199263403018,2985,2.3923425305381487,1,0.5986899563318777,1.0,0,1,0.4902705941751896,1371,0.2403652555128934,156,4.110043668122271,2.0,0,156,9.196326431357246,9412,84.5724198320799,191,4.578602620087336,1.0,0,191,11.195751228843434,10485,125.34484557814928,1,0.1515283842794759,0.0,0,1,0.3586414652434546,347,0.1286237005919721
2745,1,955,20.701639344262293,10.0,1,954,40.31499805297376,56826,1625.2990680112782,1,0.087431693989071,0.0,0,1,0.2825180877634083,240,0.0798164699134929,117,2.95591985428051,1.0,0,117,5.4841298434070165,8114,30.07568013934747,1,0.2083788706739526,0.0,0,1,0.4062231314167128,572,0.1650172324979999,222,2.7300546448087437,1.0,0,222,7.5275240938767665,7494,56.66361898389524,733,17.822222222222223,9.0,1,732,32.598254954974024,48922,1062.646226109489,29,1.272495446265938,1.0,0,29,1.5012353278368842,3493,2.253707509545517,1,0.5759562841530055,1.0,0,1,0.4942870099790213,1581,0.2443196482340011,156,4.201821493624772,2.0,0,156,8.963527305354535,11534,80.34482175383633,171,4.544626593806922,1.0,0,171,10.600119354804526,12475,112.36253033610151,1,0.1471766848816029,0.0,0,1,0.3543465114616869,404,0.1255614501850674
2300,1,955,21.33478260869565,10.0,1,954,42.21657647191236,49070,1782.239329008824,1,0.0917391304347826,0.0,0,1,0.2887201163032787,211,0.0833593055581788,116,2.876521739130435,1.0,0,116,5.1352703317900925,6616,26.37100138056353,1,0.2017391304347826,0.0,0,1,0.4013857268643653,464,0.1611105017304349,222,2.838260869565217,1.0,0,222,7.87284310564532,6528,61.98165856610704,733,18.319130434782608,9.0,1,732,34.078369357287414,42134,1161.3352580517058,29,1.2904347826086957,1.0,0,29,1.544467678892266,2968,2.385380411142864,1,0.6073913043478261,1.0,0,1,0.4884371343377934,1397,0.2385708342001156,156,4.169130434782609,2.0,0,156,9.20940023807473,9589,84.8130527450509,171,4.640434782608696,1.0,0,171,11.142589599647634,10673,124.15730298617564,1,0.1478260869565217,0.0,0,1,0.3550046899657554,340,0.1260283298976821
1994,1,955,20.33650952858576,10.0,1,954,39.77403057690192,40551,1581.9735083323292,1,0.0922768304914744,0.0,0,1,0.2894889377030975,184,0.0838038450524678,116,2.631895687061184,1.0,0,116,5.151873642106953,5248,26.54180202423636,1,0.2211634904714142,0.0,0,1,0.4151344704441861,441,0.1723366285509748,222,2.5932798395185555,1.0,0,222,7.468251919189224,5171,55.77478672847353,733,17.64393179538616,9.0,1,732,32.68141456224966,35182,1068.074857789624,29,1.26629889669007,1.0,0,29,1.533305656009394,2525,2.3510262347503983,1,0.6293881644934805,1.0,0,1,0.4830897865582663,1255,0.2333757418769113,156,4.120361083249749,2.0,0,156,9.605962600447471,8216,92.2745174811956,142,4.739719157472417,2.0,0,142,10.99107684976665,9451,120.80377031747636,1,0.137913741223671,0.0,0,1,0.3448959216494706,275,0.1189531967704377
1122,1,364,19.151515151515152,10.0,1,363,32.87334441311048,21488,1080.656772902982,1,0.1033868092691622,0.0,0,1,0.3045991942812766,116,0.0927806691568029,116,2.293226381461676,1.0,1,115,4.900302064320831,2573,24.012960321587,1,0.2415329768270945,0.0,0,1,0.428203478272318,271,0.1833582188045115,79,2.3877005347593583,1.0,0,79,5.266692190139199,2679,27.73804662567324,322,16.693404634581107,9.0,1,321,28.27181893575365,18730,799.2957459360387,8,1.1301247771836007,1.0,0,8,1.0953644042025017,1268,1.1998231779939017,1,0.6319073083778967,1.0,0,1,0.4825017675803605,709,0.2328079557181723,138,3.715686274509804,1.0,0,138,9.380750875870984,4169,87.99848699515427,161,4.710338680926916,1.0,0,161,12.130088072149002,5285,147.1390366380915,1,0.1274509803921568,0.0,0,1,0.3336261853968421,143,0.111306431582448
1731,1,955,21.226458694396303,10.0,1,954,42.73198655872874,36743,1826.022675255374,1,0.0872328134026574,0.0,0,1,0.2822574616698837,151,0.0796692746683258,116,2.6522241478913924,1.0,1,115,5.244024341389013,4591,27.499791293080467,1,0.2224147891392258,0.0,0,1,0.4159884851267356,385,0.1730464197580363,222,2.7954939341421143,1.0,0,222,7.954771166282025,4839,63.27838430791188,733,18.33564413633738,9.0,1,732,35.22428542461073,31739,1240.7502836744438,29,1.303292894280763,1.0,0,29,1.590755669940116,2256,2.530503601446627,1,0.6244945118428654,1.0,0,1,0.484393090680849,1081,0.2346366662993452,156,4.194107452339688,2.0,0,156,10.446029195414592,7260,109.11952595145404,144,4.661467359907568,1.0,0,144,11.71855945774418,8069,137.32463576468558,1,0.1409589832466782,0.0,0,1,0.34807979293158,244,0.1211595422472916
9042,1,1065,20.280579517805798,9.0,1,1064,38.87188530944408,183377,1511.0234675105748,1,0.072882105728821,0.0,0,1,0.2599572621755552,659,0.0675777781578103,2413,4.035832780358327,2.0,0,2413,28.73279557689053,36492,825.5735416633802,1,0.2269409422694094,0.0,0,1,0.4188772562293406,2052,0.1754581557862206,136,2.5168104401681046,0.0,0,136,6.4051185911674064,22757,41.02554416691834,886,17.588033620880335,8.0,1,885,32.10125355042495,159031,1030.490479508671,29,1.106281796062818,1.0,0,29,1.3471146023242653,10003,1.8147177517952635,1,0.6031851360318513,1.0,0,1,0.4892640410414868,5454,0.2393793018562457,301,5.044016810440168,2.0,0,301,11.404773164586622,45608,130.06885093567516,280,4.645874806458748,1.0,0,280,10.99815517370492,42008,120.95941722489232,1,0.1705374917053749,0.0,0,1,0.376125114176434,1542,0.1414701015142355
3318,1,1146,21.887884267631105,10.0,1,1145,46.97698361039173,72624,2206.8369891310126,1,0.0952380952380952,0.0,0,1,0.2935877689619223,316,0.0861937780840391,117,3.013261000602773,1.0,0,117,5.958185531809678,9998,35.49997483146618,1,0.2549728752260398,0.0,0,1,0.4359116622163126,846,0.1900189772561887,144,2.7179023508137434,1.0,0,144,7.460274787812088,9018,55.65569990966471,867,18.978300180831827,9.0,1,866,38.782155738718856,62970,1504.055603742244,29,1.2233273056057865,1.0,0,29,1.5164174879474792,4059,2.2995219977529437,1,0.5165762507534659,1.0,0,1,0.4998004745726388,1714,0.2498005143830349,190,4.657022302591923,2.0,0,190,11.231009380973047,15452,126.13557171550455,354,5.43128390596745,1.0,0,354,15.257372254715154,18021,232.78740811895176,1,0.1555153707052441,0.0,0,1,0.3624499045219024,516,0.1313699332879361
66,1,47,6.106060606060606,5.0,3,44,5.979783345390437,403,35.757808857808854,1,0.2727272727272727,0.0,0,1,0.4487745552040593,18,0.2013986013986012,6,1.696969696969697,1.0,1,5,1.2523171995538387,112,1.568298368298369,1,0.0606060606060606,0.0,0,1,0.2404347267115503,4,0.0578088578088578,4,0.1818181818181818,0.0,0,4,0.6541957107563663,12,0.4279720279720272,43,5.924242424242424,5.0,3,40,5.3617178821734575,391,28.74801864801863,4,0.7575757575757576,1.0,0,4,0.7245286225827967,50,0.5249417249417248,1,0.696969696969697,1.0,0,1,0.4630898556999652,46,0.2144522144522146,13,1.4090909090909092,1.0,1,12,1.6546184568541016,93,2.7377622377622486,22,1.5454545454545454,1.0,1,21,2.684323826514678,102,7.205594405594404,0,0.0,0.0,0,0,0.0,0,0.0
580,1,360,17.951724137931034,5.0,2,358,38.730561412796085,10412,1500.0563873503688,1,0.1827586206896551,0.0,0,1,0.3868021013933443,106,0.149615865642307,426,4.705172413793103,1.0,0,426,23.243569671165023,2729,540.2635310583025,1,0.2862068965517241,0.0,0,1,0.452377437236787,166,0.2046453457209231,45,1.6586206896551725,0.0,0,45,4.517172548746601,962,20.40484783514986,348,16.24310344827586,5.0,2,346,34.82149700349494,9421,1212.536653564407,9,0.9620689655172414,1.0,0,9,1.0894100994750808,558,1.1868143648383056,1,0.5603448275862069,1.0,0,1,0.4967735816485986,325,0.2467839914239768,274,6.3293103448275865,1.0,0,274,18.63632967174838,3671,347.3127836340891,274,6.834482758620689,1.0,0,274,19.62093760005885,3964,384.9811923054031,1,0.1034482758620689,0.0,0,1,0.30480635560703,60,0.0929069144184392
288,1,355,17.40625,5.0,2,353,39.57973774854885,5013,1566.5556402439024,1,0.1076388888888889,0.0,0,1,0.310463262059549,31,0.0963874370886562,162,3.8020833333333335,1.0,1,161,10.99726268602174,1095,120.93978658536608,1,0.2152777777777778,0.0,0,1,0.4117303411095244,62,0.1695218737901653,41,1.1840277777777777,0.0,0,41,4.386885161572892,341,19.24476142082842,324,16.135416666666668,5.0,2,322,35.66812369482597,4647,1272.215047909406,9,1.1354166666666667,1.0,0,9,1.116425901896352,327,1.2464067944250832,1,0.6909722222222222,1.0,0,1,0.4628969820061969,199,0.2142736159504453,156,5.510416666666667,1.0,0,156,15.60331073039083,1587,243.4633057491296,171,6.173611111111111,1.0,0,171,17.454701895859667,1778,304.6666182733271,1,0.0833333333333333,0.0,0,1,0.2768664881577546,24,0.0766550522648081
483,1,580,20.107660455486545,5.0,2,578,47.92694998178657,9712,2296.992534556672,1,0.1097308488612836,0.0,0,1,0.3128780369354509,53,0.0978926659965814,412,5.126293995859213,2.0,1,411,21.312596165746125,2476,454.2267553241764,1,0.3312629399585921,0.0,0,1,0.4711553945598787,160,0.221987405822875,45,1.6211180124223603,0.0,0,45,4.464629223144081,783,19.932914100152125,549,18.438923395445133,5.0,2,547,44.09737782214183,8906,1944.5787307887265,9,1.1325051759834368,1.0,0,9,1.0965048856182853,547,1.202322964184769,1,0.6832298136645962,1.0,0,1,0.4656993168505931,330,0.2168758537151091,176,7.161490683229814,1.0,0,176,19.097011765042303,3459,364.6958583541642,352,8.416149068322982,1.0,0,352,25.178094033593148,4065,633.9364191644589,1,0.113871635610766,0.0,0,1,0.3179846418477682,55,0.1011142324510534
2275,1,955,21.81714285714286,10.0,1,954,43.85502186273228,49634,1923.262942580726,1,0.087032967032967,0.0,0,1,0.2819453346588917,198,0.0794931717359144,116,2.949010989010989,1.0,1,115,5.3202656506971095,6709,28.30522659398753,1,0.1986813186813187,0.0,0,1,0.3990953071444448,452,0.1592770641847187,222,2.9446153846153846,1.0,0,222,8.100322521415404,6699,65.61522495094961,733,18.706373626373622,9.0,1,732,35.52085032883815,42557,1261.7308080837215,29,1.3257142857142856,1.0,0,29,1.6194244330653038,3016,2.622535494408881,1,0.607912087912088,1.0,0,1,0.488323457122862,1383,0.2384597987764236,170,4.1802197802197805,2.0,0,170,9.540593038116494,9510,91.02291551895694,179,4.552967032967033,1.0,0,179,11.13419320576214,10358,123.97025834323978,1,0.1516483516483516,0.0,0,1,0.3587585593481885,345,0.1287077039055877
1958,1,713,21.76659856996936,10.0,1,712,39.64335342004441,42619,1571.595470386547,1,0.0995914198161389,0.0,0,1,0.2995309509300727,195,0.0897187905650736,116,2.66802860061287,1.0,1,115,5.32731503029311,5224,28.380285431986877,1,0.1996935648621041,0.0,0,1,0.3998721155680202,391,0.1598977088088441,139,2.7625127681307458,1.0,0,139,6.794771218420047,5409,46.168915910669455,574,18.869254341164453,9.0,1,573,33.36250874615346,36946,1113.0569898371662,29,1.250255362614913,1.0,0,29,1.545986425475999,2448,2.390074027756057,1,0.6312563840653729,1.0,0,1,0.4825875099925589,1236,0.2328907048008181,140,4.368743615934627,2.0,0,140,10.015567012412196,8554,100.31158258011932,161,5.193564862104188,2.0,0,161,12.59899256496934,10169,158.73461365215272,1,0.1583248212461695,0.0,0,1,0.3651385562494559,310,0.1333261652599371
1255,1,364,19.55776892430279,10.0,1,363,32.581165508549915,24545,1061.5323458955224,1,0.0876494023904382,0.0,0,1,0.2828970734671505,110,0.0800307541762783,116,2.2725099601593626,1.0,1,115,4.760181867783492,2852,22.65933141437473,1,0.2286852589641434,0.0,0,1,0.4201535098413047,287,0.1765289718319673,79,2.432669322709163,1.0,0,79,5.247469243277724,3053,27.53593345914569,322,16.97768924302789,9.0,1,321,27.822709610940816,21307,774.1031700947385,8,1.0812749003984063,1.0,0,8,1.1116714286866958,1357,1.2358133653583194,1,0.6302788844621514,1.0,0,1,0.4829215666604691,791,0.2332132395458019,136,3.816733067729084,1.0,0,136,9.245622637928737,4790,85.48153796298031,161,4.877290836653386,1.0,0,161,12.010133373920777,6121,144.2433036593657,1,0.147410358565737,0.0,0,1,0.3546558451134787,185,0.1257807684731558
8554,1,1180,21.59258826280103,10.0,1,1179,40.7102803076616,184703,1657.32692272838,1,0.0825344867898059,0.0,0,1,0.2751933840261665,706,0.0757313986117731,2737,4.180500350713117,2.0,0,2737,33.624238575607656,35760,1130.5894197893815,1,0.204582651391162,0.0,0,1,0.4034199004124625,1750,0.1627476160488012,159,3.115267711012392,1.0,0,159,7.409632091423862,26648,54.90264773025834,968,18.31575870937573,9.0,1,967,32.9134435489329,156673,1083.2947662487927,29,1.1070844049567454,1.0,0,29,1.32905504500226,9470,1.7663873126459595,1,0.6148000935234977,1.0,0,1,0.4866709639654733,5259,0.236848627167083,320,5.098667290156651,2.0,0,320,11.366788151783998,43614,129.2038728875371,326,4.8114332476034605,1.0,0,326,11.202173847784607,41157,125.4886989159894,1,0.1522094926350245,0.0,0,1,0.3592448333614365,1302,0.1290568502968863
307,1,355,17.39413680781759,5.0,2,353,38.41242094892864,5340,1475.514083157692,1,0.1042345276872964,0.0,0,1,0.3060634258352487,32,0.0936748206340088,158,3.90228013029316,2.0,1,157,10.664685539659958,1198,113.7355176598322,1,0.2247557003257329,0.0,0,1,0.4181028451735741,69,0.1748099891422377,41,1.1628664495114007,0.0,0,41,4.274050243282824,357,18.267505482105964,324,16.14657980456026,5.0,2,322,34.63263808341743,4957,1199.4196206169756,9,1.1400651465798046,1.0,0,9,1.1010648421377036,350,1.212343786591726,1,0.7035830618892508,1.0,0,1,0.4574226554568935,216,0.2092354857252359,156,5.625407166123779,1.0,0,156,15.241404073050065,1727,232.3003981179871,171,6.260586319218241,1.0,0,171,16.920532553005753,1922,286.30442187732734,1,0.0781758957654723,0.0,0,1,0.2688864625522916,24,0.0722999297438849
1737,1,931,20.177317213586644,10.0,1,930,41.24102601936942,35048,1700.8222271303057,1,0.0892343120322395,0.0,0,1,0.2851637511976609,155,0.0813183649971214,212,2.386873920552677,1.0,1,211,6.728268513670072,4146,45.26959719204408,1,0.2694300518134715,0.0,0,1,0.443791487806335,468,0.1969508846493604,119,2.5043177892918824,1.0,0,119,6.315359523270871,4350,39.88376590816808,673,17.489349453080024,9.0,1,672,33.64606417095995,30379,1132.057634196355,9,1.120322394933794,1.0,0,9,1.1424599085068317,1946,1.3052146425454385,1,0.5820379965457686,1.0,0,1,0.4933658880355283,1011,0.2434098994770854,213,4.075417386298216,1.0,0,213,11.295953771784085,7079,127.59857161428305,316,5.092112838226828,1.0,0,316,14.818705911775854,8845,219.59404489970063,1,0.128957973517559,0.0,0,1,0.3352499359375381,224,0.1123925195461234
241,1,221,14.091286307053942,5.0,2,219,26.78276744641077,3396,717.3166320885205,1,0.1161825726141078,0.0,0,1,0.3211106245439741,28,0.1031120331950211,116,2.904564315352697,1.0,1,115,8.488424711347884,700,72.05335408022141,1,0.2240663900414937,0.0,0,1,0.4178337734562202,54,0.1745850622406639,28,0.9004149377593361,0.0,0,28,3.0832950167706272,217,9.506708160442583,193,13.120331950207468,5.0,2,191,24.159496957152975,3162,583.6812932226841,5,0.8630705394190872,1.0,0,5,0.9230414576298608,208,0.8520055325034578,1,0.6680497925311203,1.0,0,1,0.4718932762575028,161,0.2226832641770398,91,4.360995850622406,1.0,0,91,10.25174646930056,1051,105.09830567081649,91,4.925311203319502,1.0,0,91,11.6448585939711,1187,135.60273167358258,1,0.1120331950207468,0.0,0,1,0.316063704907991,27,0.0998962655601656
1679,1,358,19.26742108397856,10.0,1,357,30.011091790749056,32350,900.6656304727653,1,0.0946992257296009,0.0,0,1,0.2928862812152016,159,0.0857823737240701,116,2.377010125074449,1.0,1,115,4.7948592226192,3991,22.990674964736403,1,0.2227516378796903,0.0,0,1,0.4162169195214722,374,0.1732365240959437,79,2.261465157832043,1.0,0,79,4.793980681247662,3797,22.9822507721758,316,16.887432995830853,9.0,1,315,25.70711218142001,28354,660.8556167081131,10,1.1095890410958904,1.0,0,10,1.175290803270293,1863,1.3813084722517304,1,0.6110780226325193,1.0,0,1,0.4876508041429873,1026,0.2378033067813021,140,4.128648004764741,2.0,0,140,8.908360499464584,6932,79.35888678842088,161,5.374032162001191,2.0,0,161,11.56767690027035,9023,133.81114886904825,1,0.1566408576533651,0.0,0,1,0.3635701125238422,263,0.1321832267205992
2169,1,955,21.46242508068234,10.0,1,954,42.91347161395,46552,1841.566045961292,1,0.0889810972798524,0.0,0,1,0.2847821140842573,193,0.0811008525022989,116,2.839557399723375,1.0,0,116,5.170531297647808,6159,26.73439389995553,1,0.2014753342554172,0.0,0,1,0.4011947556723077,437,0.1609572319789627,222,2.93222683264177,1.0,0,222,8.079090059658085,6360,65.27169619206607,733,18.357307514983862,9.0,1,732,34.505749070936616,39817,1190.6467189464431,29,1.3033656062701706,1.0,0,29,1.5641842112760982,2827,2.4466722468054294,1,0.6062701705855232,1.0,0,1,0.4886888124230624,1315,0.238816755387463,156,4.041032733978792,2.0,0,156,9.059035266858029,8765,82.06611996617748,171,4.514983863531581,1.0,0,171,11.006283072758624,9793,121.13826707769302,1,0.1512217611802674,0.0,0,1,0.3583475183121452,328,0.1284129438804732
1737,1,931,20.177317213586644,10.0,1,930,41.24102601936942,35048,1700.8222271303057,1,0.0892343120322395,0.0,0,1,0.2851637511976609,155,0.0813183649971214,212,2.386873920552677,1.0,1,211,6.728268513670072,4146,45.26959719204408,1,0.2694300518134715,0.0,0,1,0.443791487806335,468,0.1969508846493604,119,2.5043177892918824,1.0,0,119,6.315359523270871,4350,39.88376590816808,673,17.489349453080024,9.0,1,672,33.64606417095995,30379,1132.057634196355,9,1.120322394933794,1.0,0,9,1.1424599085068317,1946,1.3052146425454385,1,0.5820379965457686,1.0,0,1,0.4933658880355283,1011,0.2434098994770854,213,4.075417386298216,1.0,0,213,11.295953771784085,7079,127.59857161428305,316,5.092112838226828,1.0,0,316,14.818705911775854,8845,219.59404489970063,1,0.128957973517559,0.0,0,1,0.3352499359375381,224,0.1123925195461234
1905,1,955,20.84251968503937,10.0,1,954,40.62443765548424,39705,1650.344934824326,1,0.0776902887139107,0.0,0,1,0.2677538821819333,148,0.0716921414234966,116,2.690288713910761,1.0,0,116,5.272574033990517,5125,27.800036943911035,1,0.2598425196850393,0.0,0,1,0.4386631912469868,495,0.1924253953549905,222,2.7406824146981625,1.0,0,222,7.677106953320461,5221,58.937971172721376,733,18.01469816272966,9.0,1,732,33.323673579384064,34318,1110.4672208253394,29,1.2587926509186351,1.0,0,29,1.5345145441084895,2398,2.354734886080485,1,0.6425196850393701,1.0,0,1,0.4793837438871578,1224,0.2298087739032681,156,4.325984251968504,2.0,0,156,9.770167780321566,8241,95.45617845563363,137,4.853543307086614,2.0,0,137,11.214021333388482,9246,125.754274465692,1,0.142257217847769,0.0,0,1,0.3494054779277403,271,0.1220841880059126
1973,1,713,22.1317790167258,10.0,1,712,40.28452142017518,43666,1622.842666052553,1,0.1079574252407501,0.0,0,1,0.3104053069390453,213,0.0963514545759229,116,2.6827166751140394,1.0,0,116,5.430520981745277,5293,29.49055813317568,1,0.2108464267612772,0.0,0,1,0.4080129746197617,416,0.1664745874580663,139,2.840344652812975,1.0,0,139,6.888296972058594,5604,47.44863517527159,574,19.141915864166243,9.0,1,573,33.90267857235392,37767,1149.3916143803458,29,1.2392295995945262,1.0,0,29,1.5489124020763665,2445,2.3991296293059787,1,0.6173340091231627,1.0,0,1,0.4861610060225688,1218,0.2363525237768762,137,4.351241763811455,2.0,0,137,10.072948667437776,8585,101.46429485683645,161,5.219969589457679,2.0,0,161,12.37285300485725,10299,153.0874914798051,1,0.1581348200709579,0.0,0,1,0.3649598717402558,312,0.1331957079806639
816,1,353,20.756127450980397,10.0,1,352,32.263570776002055,16937,1040.9379992180936,1,0.1139705882352941,0.0,0,1,0.3179704336568112,93,0.1011051966799006,57,2.0122549019607843,1.0,1,56,3.241199022815094,1642,10.505371105497522,1,0.2426470588235294,0.0,0,1,0.4289463226002982,198,0.183994947672319,52,2.501225490196078,1.0,0,52,4.992509576411841,2041,24.92515187056394,317,18.098039215686278,9.0,1,316,27.93046046733705,14768,780.1106219174776,9,1.0612745098039216,1.0,0,9,1.1580268147556092,866,1.3410261036930222,1,0.5845588235294118,1.0,0,1,0.4931001729716062,477,0.2431477805846279,144,4.216911764705882,2.0,0,144,9.872351341157122,3441,97.46332100324685,161,5.825980392156863,2.0,0,161,12.947524538524318,4754,167.63839167568935,1,0.1801470588235294,0.0,0,1,0.384545596477814,147,0.1478753157704777
1745,1,1146,20.37249283667622,10.0,1,1145,45.7367309156296,35550,2091.8485548487088,1,0.1037249283667621,0.0,0,1,0.3049907766367677,181,0.0930193738334987,116,2.523209169054441,1.0,1,115,5.067509274366252,4403,25.679650245787972,1,0.2406876790830945,0.0,0,1,0.4276235636016992,420,0.1828619121474164,144,2.6297994269340976,1.0,0,144,6.974102258403175,4589,48.638102310664266,867,17.4676217765043,9.0,1,866,36.295727411681725,30481,1317.379828343104,8,1.143266475644699,1.0,0,8,1.1789882979010584,1995,1.3900134065876348,1,0.5593123209169054,1.0,0,1,0.496611900821275,976,0.2466233800373199,190,3.834383954154728,1.0,0,190,9.799045572402276,6691,96.02129413001664,354,5.054441260744985,1.0,0,354,15.241289964132676,8820,232.2969197707714,1,0.1484240687679083,0.0,0,1,0.3556217631293011,259,0.1264668384111927
2121,1,955,22.27015558698727,10.0,1,954,46.32556143113374,47235,2146.057641909746,1,0.0924092409240924,0.0,0,1,0.2896710795534441,196,0.0839093343296577,116,2.857614332861857,1.0,1,115,5.184656223411885,6061,26.88066015496359,1,0.2017916077322017,0.0,0,1,0.4014321013868714,428,0.1611477320238794,222,2.9971711456859973,1.0,0,222,8.231783290682046,6357,67.76225614475212,733,19.102781706742103,9.0,1,732,38.00131324436302,40517,1444.0998082962003,29,1.3097595473833097,1.0,0,29,1.5735862144257302,2778,2.4761735742307,1,0.6077322017916077,1.0,0,1,0.4883709886857602,1289,0.2385062225899069,230,4.108910891089109,2.0,0,230,10.204416394620068,8715,104.1301139547908,292,4.753418198962754,1.0,0,292,13.273786724893249,10082,176.19341401795222,1,0.1584158415841584,0.0,0,1,0.3652165790811176,336,0.1333831496357142
113,1,47,6.9734513274336285,5.0,3,44,6.753914443003649,788,45.61536030341328,1,0.168141592920354,0.0,0,1,0.3756578721593588,19,0.1411188369152972,6,1.6371681415929205,1.0,1,5,1.0861296530625126,185,1.179677623261694,1,0.1150442477876106,0.0,0,1,0.3204966121221803,13,0.1027180783817952,4,0.2212389380530973,0.0,0,4,0.7286792513358915,25,0.5309734513274353,43,6.752212389380531,5.0,3,40,6.183981284408658,763,38.24162452591656,7,0.8495575221238938,1.0,0,7,0.9748739748044096,96,0.9503792667509486,1,0.7964601769911505,1.0,0,1,0.4044240180137636,90,0.163558786346397,13,1.7433628318584071,1.0,0,13,2.3329118877716337,197,5.442477876106208,22,1.9115044247787607,1.0,0,22,3.1468735111328385,216,9.90281289506952,1,0.0176991150442477,0.0,0,1,0.1324427696454307,2,0.0175410872313526
286,1,365,13.702797202797203,5.0,2,363,36.3243544882811,3919,1319.4587289903077,1,0.1223776223776223,0.0,0,1,0.3282958828946157,35,0.1077781867255552,154,3.2097902097902096,1.0,1,153,10.227484914441703,918,104.60144767513265,1,0.1958041958041958,0.0,0,1,0.3975140515444905,56,0.1580174211753159,41,0.8951048951048951,0.0,0,41,4.143417162009175,256,17.167905778432168,334,12.786713286713288,5.0,2,332,32.655027796461674,3657,1066.350840387685,7,0.993006993006993,1.0,0,7,1.005224970867812,284,1.0104772420561934,1,0.7552447552447552,1.0,0,1,0.4306956138788756,216,0.1854987118145015,165,4.34965034965035,1.0,0,165,14.639172990378556,1244,214.305385842229,179,4.874125874125874,1.0,0,179,16.24888320388737,1394,264.02620537357313,1,0.0524475524475524,0.0,0,1,0.2233185649473168,15,0.0498711814501289
2299,1,955,20.87951283166594,10.0,1,954,41.83636959838277,48002,1750.2818211724864,1,0.1022183558068725,0.0,0,1,0.3030011520868553,235,0.0918096981659616,116,2.820356676816007,1.0,0,116,5.130957227061813,6484,26.32672206593785,1,0.2040017398869073,0.0,0,1,0.4030579283969295,469,0.1624556936436244,222,2.802087864288821,1.0,0,222,7.857935459516247,6442,61.74714968592281,733,17.913440626359286,9.0,1,732,33.67204612825453,41183,1133.8066904633006,29,1.28099173553719,1.0,0,29,1.5380974733795747,2945,2.365743837616632,1,0.5906916050456721,1.0,0,1,0.4918132204827293,1358,0.2418802438415937,156,4.031752936059156,2.0,0,156,8.838229968711966,9269,78.11430897983833,172,4.453675511091779,1.0,0,172,10.71844380570974,10239,114.8850376161575,1,0.1552849064810787,0.0,0,1,0.36225486197493,357,0.1312285850244756
306,1,355,17.143790849673202,5.0,2,353,38.49179913519642,5246,1481.618600664308,1,0.1111111111111111,0.0,0,1,0.3147844551238408,34,0.0990892531876133,160,3.751633986928105,1.0,1,159,10.601132661879818,1148,112.38401371477508,1,0.2124183006535947,0.0,0,1,0.4096892483194776,65,0.1678452801885786,41,1.1339869281045751,0.0,0,41,4.262496203910702,347,18.168873888353144,324,15.92156862745098,5.0,2,322,34.70758964795285,4872,1204.616779170684,9,1.1339869281045751,1.0,0,9,1.1184100775064203,347,1.2508411014679175,1,0.6928104575163399,1.0,0,1,0.4620843121085569,212,0.2135219114968382,156,5.431372549019608,1.0,0,156,15.148993238585826,1662,229.49199614271905,171,6.104575163398692,1.0,0,171,16.956709934009456,1868,287.530011786135,1,0.0816993464052287,0.0,0,1,0.2743547801235128,25,0.075270545376621
329,1,1185,18.854103343465045,5.0,1,1184,73.95072924986505,6203,5468.710356586846,1,0.1610942249240121,0.0,0,1,0.3681778056624269,53,0.1355548965823998,165,3.741641337386018,1.0,1,164,13.270984247882827,1231,176.11902290755415,1,0.1975683890577507,0.0,0,1,0.3987711868797784,65,0.1590184594855071,347,2.404255319148936,0.0,0,347,19.771193787636385,791,390.9001037882716,838,16.398176291793312,5.0,1,837,55.55887996536123,5395,3086.7891430054174,5,1.0486322188449848,1.0,0,5,0.986527978690555,345,0.973237452739272,1,0.6990881458966566,1.0,0,1,0.4593530924551125,230,0.2110052635480751,241,4.911854103343465,1.0,0,241,18.971612600450584,1616,359.9220846615754,303,5.623100303951368,1.0,0,303,22.437532827456742,1850,503.4428793831992,1,0.0547112462006079,0.0,0,1,0.2277621617886732,18,0.0518756023426497
2499,1,955,21.4593837535014,10.0,1,954,42.38361650140986,53627,1796.3709477385826,1,0.0884353741496598,0.0,0,1,0.2839838558606566,221,0.0806468303894862,116,2.8343337334933976,1.0,0,116,5.141761939154421,7083,26.437715838937027,1,0.2376950780312124,0.0,0,1,0.4257565787997893,594,0.1812686643913012,222,2.904361744697879,1.0,0,222,7.888437039993386,7258,62.22743893393961,733,18.38935574229692,9.0,1,732,34.25530621010328,45955,1173.4260035479404,29,1.2805122048819528,1.0,0,29,1.521708531629914,3200,2.3155968552352686,1,0.5674269707883153,1.0,0,1,0.4955318997398703,1418,0.2455518636598048,168,4.2416966786714685,2.0,0,168,9.7643166471648,10600,95.34187958609962,201,4.762705082032813,2.0,0,201,11.88853159108274,11902,141.33718339217228,1,0.1468587434973989,0.0,0,1,0.3540358874213863,367,0.1253414095822485
2738,1,955,20.885682980277576,10.0,1,954,40.50388335204208,57185,1640.5645665958314,1,0.0861943024105186,0.0,0,1,0.2807020171724694,236,0.0787936224446933,117,3.0153396639883128,1.0,0,117,5.605772239570742,8256,31.42468240194197,1,0.2118334550766983,0.0,0,1,0.4086820812056088,580,0.1670210434985478,222,2.737399561723886,1.0,0,222,7.545216039825759,7495,56.93028508764392,733,17.995617238860483,9.0,1,732,32.80214904362934,49272,1075.980981880473,29,1.2549306062819576,1.0,0,29,1.5062964229217195,3436,2.268928913706768,1,0.5734112490869248,1.0,0,1,0.4946717703389791,1570,0.2447001603702996,173,4.2571219868517165,2.0,0,173,9.336109846536134,11656,87.16294706658896,179,4.6263696128561,1.5,0,179,10.841313559291828,12667,117.5340796908848,1,0.1475529583637691,0.0,0,1,0.3547210716367797,404,0.1258270386631453
10571,1,678,20.37820452180494,10.0,1,677,33.50743988654475,215418,1122.74852775041,1,0.0880711380191088,0.0,0,1,0.2834117340939698,931,0.080322211022151,3490,4.978809951754801,2.0,0,3490,43.53793162737988,52631,1895.551490390405,1,0.2046164033677041,0.0,0,1,0.403440117058964,2163,0.1627639280525505,136,2.550089868508183,1.0,0,136,6.048762959566679,26957,36.58753334102584,553,17.68678459937565,9.0,1,552,27.53509834469968,186967,758.1816408522828,29,1.0961120045407249,1.0,0,29,1.2960295310134458,11587,1.6796925452589324,1,0.6409043609876076,1.0,0,1,0.4797579958280462,6775,0.2301677345609435,244,5.639863778261281,2.0,0,244,11.527614664317122,59619,132.88589984897914,220,4.918077759909186,2.0,0,220,9.84840177564604,51989,96.99101753454806,1,0.1562766058083435,0.0,0,1,0.3631345517413465,1652,0.1318667026683886
1459,1,713,20.697738176833447,10.0,1,712,38.891461136588994,30198,1512.545749338812,1,0.0932145305003427,0.0,0,1,0.2908325213142719,136,0.0845835554540164,75,2.492803289924606,1.0,0,75,4.3889025186961375,3637,19.262465318617306,1,0.2398903358464701,0.0,0,1,0.4271627633283369,350,0.1824680263743008,139,2.6908841672378343,1.0,0,139,6.892252701205408,3926,47.50314729727324,574,17.86771761480466,9.0,1,573,32.66598921674788,26069,1067.0668515086888,29,1.2412611377655929,1.0,0,29,1.6668880674974949,1811,2.778515829565533,1,0.6579849211788896,1.0,0,1,0.4745472722786087,960,0.2251951136270679,134,3.840986977381768,1.0,0,134,8.853289398951375,5604,78.3807331815848,161,4.42837559972584,1.0,0,161,10.438245640473893,6461,108.9569720508722,1,0.1487320082248115,0.0,0,1,0.3559461147926095,217,0.1266976366359536
1721,1,931,20.22545031958164,10.0,1,930,41.22739356073381,34808,1699.6979798116356,1,0.0871586287042417,0.0,0,1,0.282149356059216,150,0.0796082591246302,212,2.3864032539221385,1.0,1,211,6.7438189544781455,4107,45.47909409077871,1,0.262638001162115,0.0,0,1,0.4401952681631281,452,0.1937718741132082,119,2.5020337013364324,1.0,0,119,6.302373255556307,4306,39.71990865235141,673,17.53922138291691,9.0,1,672,33.64065925297545,30185,1131.693954974803,9,1.114468332364904,1.0,0,9,1.1453773975693993,1918,1.3118893828628495,1,0.590354445090064,1.0,0,1,0.4919112487240157,1016,0.2419766766212204,213,4.101685066821616,1.0,0,213,11.34340309036608,7059,128.67279367052672,316,5.0999418942475305,1.0,0,316,14.810249632692482,8777,219.34349418266785,1,0.1289947704822777,0.0,0,1,0.3352915782039525,222,0.1124204424144972
1737,1,931,20.177317213586644,10.0,1,930,41.24102601936942,35048,1700.8222271303057,1,0.0892343120322395,0.0,0,1,0.2851637511976609,155,0.0813183649971214,212,2.386873920552677,1.0,1,211,6.728268513670072,4146,45.26959719204408,1,0.2694300518134715,0.0,0,1,0.443791487806335,468,0.1969508846493604,119,2.5043177892918824,1.0,0,119,6.315359523270871,4350,39.88376590816808,673,17.489349453080024,9.0,1,672,33.64606417095995,30379,1132.057634196355,9,1.120322394933794,1.0,0,9,1.1424599085068317,1946,1.3052146425454385,1,0.5820379965457686,1.0,0,1,0.4933658880355283,1011,0.2434098994770854,213,4.075417386298216,1.0,0,213,11.295953771784085,7079,127.59857161428305,316,5.092112838226828,1.0,0,316,14.818705911775854,8845,219.59404489970063,1,0.128957973517559,0.0,0,1,0.3352499359375381,224,0.1123925195461234
192,1,223,14.265625,5.0,2,221,30.09474159813702,2739,905.6934718586388,1,0.1145833333333333,0.0,0,1,0.319351163758748,22,0.1019851657940667,104,2.953125,1.0,1,103,8.323491679785324,567,69.2805137434555,1,0.2239583333333333,0.0,0,1,0.4179843910176311,43,0.1747109511343799,37,1.0104166666666667,0.0,0,37,3.838342769757556,194,14.73287521815011,195,13.177083333333334,5.0,2,193,26.77636481889364,2530,716.9737129144848,5,0.9479166666666666,1.0,0,5,0.9801142327553282,182,0.9606239092495656,1,0.7083333333333334,1.0,0,1,0.4557179863375513,136,0.2076788830715525,103,4.447916666666667,1.0,0,103,11.434649090614007,854,130.75119982547977,103,4.895833333333333,1.0,0,103,12.73078403434542,940,162.0728621291442,1,0.0677083333333333,0.0,0,1,0.2519015812410931,13,0.063454406631763
4014,1,931,22.221973094170405,10.0,1,930,46.123257713018695,89199,2127.3549020615387,1,0.0834578973592426,0.0,0,1,0.2766075522248712,335,0.0765117379478348,259,3.238913801694071,1.0,1,258,7.519190195569743,13001,56.53822119715216,1,0.2179870453413054,0.0,0,1,0.4129299850106597,875,0.1705111725209036,145,2.9484304932735426,1.0,0,145,7.685934692910825,11835,59.07359210369022,707,19.07822620827105,9.0,1,706,37.63840125699837,76580,1416.649249182817,29,1.1955655206776283,1.0,0,29,1.4674371564705655,4799,2.1533718081904194,1,0.5587942202291978,1.0,0,1,0.496593068628727,2243,0.2466046758100956,213,4.588191330343797,2.0,0,213,10.775537360137264,18417,116.11220539971396,316,5.036870951669158,2.0,0,316,14.02140102816794,20218,196.59968679270895,1,0.1649227703039362,0.0,0,1,0.3711570683876373,662,0.1377575694141052
485,1,329,14.703092783505154,5.0,2,327,31.49640033744456,7131,992.0232342165776,1,0.1092783505154639,0.0,0,1,0.3123102644591261,53,0.0975377012865293,221,3.247422680412371,1.0,1,220,11.838471157013297,1575,140.14939933543573,1,0.2247422680412371,0.0,0,1,0.4178434717786886,109,0.1745931669080677,43,1.068041237113402,0.0,0,43,3.767727968933373,518,14.1957740478828,286,13.562886597938144,5.0,2,284,28.050917839713048,6578,786.8539916503316,5,1.063917525773196,1.0,0,5,1.0031134967683475,516,1.0062366873988218,1,0.756701030927835,1.0,0,1,0.429517126650048,367,0.1844849620857133,130,4.581443298969072,1.0,0,130,12.193179317943528,2222,148.6736218795258,139,5.037113402061856,1.0,0,139,13.407267361271572,2443,179.75481809661795,1,0.0701030927835051,0.0,0,1,0.2555843040121156,34,0.0653233364573575
292,1,355,17.28082191780822,5.0,2,353,39.35166032654971,5046,1548.5531704561463,1,0.1061643835616438,0.0,0,1,0.3085767355961309,31,0.0952196017511644,162,3.7773972602739727,1.0,1,161,10.923119467758935,1103,119.31453890693426,1,0.2157534246575342,0.0,0,1,0.4120501681270421,63,0.1697853410535236,41,1.167808219178082,0.0,0,41,4.358811195972091,341,18.99923504213165,324,16.027397260273972,5.0,2,322,35.46625039264527,4680,1257.854916913811,9,1.1335616438356164,1.0,0,9,1.1119332347419746,331,1.236395518523751,1,0.6952054794520548,1.0,0,1,0.4611105959399391,203,0.2126229816880857,156,5.476027397260274,1.0,0,156,15.517292448111228,1599,240.7863649202097,171,6.133561643835616,1.0,0,171,17.353192868605504,1791,301.13330273502095,1,0.0821917808219178,0.0,0,1,0.275128194177154,24,0.0756955232311817
425,1,346,20.67058823529412,10.0,1,345,33.80409300162624,8785,1142.7167036625965,1,0.068235294117647,0.0,0,1,0.2524464097370443,29,0.0637291897891236,116,2.2423529411764704,1.0,0,116,6.343180420486001,953,40.23593784683696,1,0.4211764705882353,0.0,0,1,0.4943296675294522,179,0.2443618201997787,79,2.687058823529412,1.0,0,79,6.132456728521786,1142,37.60702552719213,267,17.854117647058825,9.0,1,266,28.174864822553182,7588,793.8230077691447,8,1.2682352941176471,1.0,0,8,1.1988803507646222,539,1.4373140954495034,1,0.5858823529411765,1.0,0,1,0.493149519304921,249,0.2431964483906747,90,3.988235294117647,2.0,0,90,8.26291744249496,1695,68.27580466148746,98,4.948235294117647,2.0,0,98,10.417110060855547,2103,108.51618201997786,1,0.1505882352941176,0.0,0,1,0.3580685640479759,64,0.1282130965593794
1737,1,931,20.177317213586644,10.0,1,930,41.24102601936942,35048,1700.8222271303057,1,0.0892343120322395,0.0,0,1,0.2851637511976609,155,0.0813183649971214,212,2.386873920552677,1.0,1,211,6.728268513670072,4146,45.26959719204408,1,0.2694300518134715,0.0,0,1,0.443791487806335,468,0.1969508846493604,119,2.5043177892918824,1.0,0,119,6.315359523270871,4350,39.88376590816808,673,17.489349453080024,9.0,1,672,33.64606417095995,30379,1132.057634196355,9,1.120322394933794,1.0,0,9,1.1424599085068317,1946,1.3052146425454385,1,0.5820379965457686,1.0,0,1,0.4933658880355283,1011,0.2434098994770854,213,4.075417386298216,1.0,0,213,11.295953771784085,7079,127.59857161428305,316,5.092112838226828,1.0,0,316,14.818705911775854,8845,219.59404489970063,1,0.128957973517559,0.0,0,1,0.3352499359375381,224,0.1123925195461234
1095,1,364,19.231963470319634,10.0,1,363,33.0966271510225,21059,1095.3867287738,1,0.1041095890410958,0.0,0,1,0.3055422052148655,114,0.093356039167563,116,2.2940639269406398,1.0,1,115,4.95660431541616,2512,24.567926339602103,1,0.2465753424657534,0.0,0,1,0.4312142813379903,270,0.1859457564298395,79,2.4228310502283104,1.0,0,79,5.317800574180062,2653,28.279002946749795,322,16.734246575342464,9.0,1,321,28.431637528846,18324,808.3580125716842,8,1.1369863013698631,1.0,0,8,1.1015412398557107,1245,1.2133931031028562,1,0.6228310502283105,1.0,0,1,0.4848992278734005,682,0.23512726119222,138,3.756164383561644,1.0,0,138,9.46232285595652,4113,89.53555383035714,161,4.746118721461187,1.0,0,161,12.230323936321335,5197,149.5808235873546,1,0.1333333333333333,0.0,0,1,0.3400899619306247,146,0.1156611822059737
4111,1,931,22.011432741425445,10.0,1,930,44.44991293322818,90489,1975.7947597715656,1,0.0758939430795427,0.0,0,1,0.2648605609178625,312,0.0701511167297247,259,3.137192897105327,1.0,0,259,7.170509746580096,12897,51.41621002580016,1,0.22233033325225,0.0,0,1,0.4158625063488227,914,0.1729416241867246,145,2.993918754560934,1.0,0,145,7.72912537534822,12308,59.739379067851765,707,18.812211140841644,9.0,1,706,35.67404144257976,77337,1272.637232846898,29,1.1950863536852347,1.0,0,29,1.460721811401045,4913,2.1337082103027503,1,0.5604475796643152,1.0,0,1,0.4963930180151414,2304,0.2464060283341805,213,4.495256628557528,2.0,0,213,10.20287705123865,18480,104.09870012269228,316,4.961809778642666,1.0,0,316,13.006932496824229,20398,169.18029297694213,1,0.1598151301386524,0.0,0,1,0.3664790914257962,657,0.1343069244522771
1429,1,713,20.920223932820157,10.0,1,712,39.29391605077402,29895,1544.011838605276,1,0.0937718684394681,0.0,0,1,0.2916131238918911,134,0.0850382140259874,73,2.4940517844646606,1.0,0,73,4.371027563502966,3564,19.105881960902675,1,0.2456263121063681,0.0,0,1,0.4306086211739313,351,0.1854237846293143,139,2.7305808257522743,1.0,0,139,6.949461096830119,3902,48.29500953635527,574,18.047585724282715,9.0,1,573,33.01704385606798,25790,1090.125184993516,29,1.2568229531140658,1.0,0,29,1.676736938833833,1796,2.811446762049852,1,0.655703289013296,1.0,0,1,0.4753047218023467,937,0.2259145785676062,135,3.8705388383484953,1.0,0,135,8.978539995553021,5531,80.61418045174526,161,4.473058082575228,2.0,0,161,10.58374012990588,6392,112.01555513738012,1,0.1504548635409377,0.0,0,1,0.3576418685214784,215,0.1279077061195344
3893,1,908,22.907783200616493,10.0,1,907,46.60355170359666,89180,2171.8910313898077,1,0.073978936552787,0.0,0,1,0.2617702337169396,288,0.0685236552602212,268,3.178011816080144,1.0,0,268,7.6004347155425265,12372,57.766607865224,1,0.2191112252761366,0.0,0,1,0.4136973030995669,853,0.1711454585918549,122,3.068327767788338,1.0,0,122,7.489489463157807,11945,56.09245241875181,759,19.622656049319293,9.0,1,758,38.523209731412905,76391,1484.037688010426,29,1.204983303365014,1.0,0,29,1.4827219459291965,4691,2.1984643689400625,1,0.5887490367325969,1.0,0,1,0.4921237842931584,2292,0.2421858190670191,222,4.653994348831236,2.0,0,222,10.938829853235513,18118,119.65799855803644,298,5.25866940662728,2.0,0,298,14.064019312993812,20472,197.79663923626293,1,0.1631132802465964,0.0,0,1,0.3695164568482222,635,0.136542411881664
1499,1,680,20.600400266844563,10.0,1,679,38.39357387888605,30880,1474.066515193481,1,0.1100733822548365,0.0,0,1,0.3130856508769012,165,0.0980226247850128,116,2.3442294863242163,1.0,1,115,4.594968629451664,3514,21.113736705644904,1,0.2454969979986657,0.0,0,1,0.4305251122998023,368,0.1853518723207574,87,2.5490326884589725,1.0,0,87,5.996613758365736,3821,35.95937656702124,492,17.885256837891927,9.0,1,491,31.761547569181797,26810,1008.795903989398,9,1.208805870580387,1.0,0,9,1.1968036431620488,1812,1.4323389602859524,1,0.6077384923282189,1.0,0,1,0.4884174011399527,911,0.2385515577363055,140,4.032688458972649,1.0,0,140,9.86387314910712,6045,97.29599350167643,188,5.214142761841227,1.0,0,188,13.430985143746572,7816,180.3913619315412,1,0.1474316210807204,0.0,0,1,0.35465398219987,221,0.1257794470902257
2121,1,955,20.8995756718529,10.0,1,954,41.62556368034745,44328,1732.6875517066603,1,0.0848656294200848,0.0,0,1,0.2787473552665677,180,0.0777000880681061,116,2.711928335690712,1.0,0,116,5.119836939708374,5752,26.2127302892024,1,0.2333804809052334,0.0,0,1,0.4230820552198109,495,0.1789984254490191,222,2.666195190947666,1.0,0,222,7.436005793942213,5655,55.29418216754216,733,18.138613861386137,9.0,1,732,34.67386629075867,38472,1202.2770035494102,29,1.2494106553512494,1.0,0,29,1.534671890954665,2650,2.3552178128863672,1,0.6459217350306459,1.0,0,1,0.4783458245181778,1370,0.2288147278339753,230,4.26968411126827,2.0,0,230,10.5514404964967,9056,111.33289655111057,262,4.955209806694955,2.0,0,262,12.408547436990943,10510,153.97204949605455,1,0.1277699198491277,0.0,0,1,0.3339121676689878,271,0.1114973357174022
2505,1,955,21.1812375249501,10.0,1,954,41.359213628674,53059,1710.5845519822933,1,0.0966067864271457,0.0,0,1,0.2954805730388745,242,0.0873087690433816,116,2.8183632734530937,1.0,0,116,5.107563273383941,7060,26.08720259162048,1,0.210379241516966,0.0,0,1,0.4076593652001277,527,0.1661861580353711,222,2.787624750499002,1.0,0,222,7.6937439931606,6983,59.19369663229482,733,18.2187624750499,9.0,1,732,33.42679593032508,45638,1117.3506861675971,29,1.304191616766467,1.0,0,29,1.5069336537322349,3267,2.2708490367507834,1,0.5900199600798404,1.0,0,1,0.4919278511972512,1478,0.2419930107835449,156,4.147305389221557,2.0,0,156,9.13369469155834,10389,83.42437871860103,172,4.709780439121756,1.0,0,172,11.078575198382325,11798,122.73482842621198,1,0.1493013972055888,0.0,0,1,0.3564564672399522,374,0.1270612130371871
1459,1,713,20.697738176833447,10.0,1,712,38.891461136588994,30198,1512.5457493388124,1,0.0932145305003427,0.0,0,1,0.2908325213142719,136,0.0845835554540164,75,2.492803289924606,1.0,0,75,4.3889025186961375,3637,19.262465318617306,1,0.2398903358464701,0.0,0,1,0.4271627633283369,350,0.1824680263743008,139,2.6908841672378343,1.0,0,139,6.892252701205408,3926,47.50314729727325,574,17.86771761480466,9.0,1,573,32.66598921674788,26069,1067.066851508689,29,1.2412611377655929,1.0,0,29,1.6668880674974946,1811,2.7785158295655323,1,0.6579849211788896,1.0,0,1,0.4745472722786087,960,0.2251951136270679,134,3.8396161754626457,1.0,0,134,8.852179994888543,5602,78.36109066190491,161,4.42837559972584,1.0,0,161,10.438245640473893,6461,108.9569720508722,1,0.1487320082248115,0.0,0,1,0.3559461147926095,217,0.1266976366359535
237,1,221,14.080168776371307,5.0,2,219,26.938526754449786,3337,725.6842237002069,1,0.1181434599156118,0.0,0,1,0.3234610442211797,28,0.1046270471286559,114,2.9071729957805905,1.0,1,113,8.420605730735039,689,70.90660087248777,1,0.2278481012658227,0.0,0,1,0.4203318026115012,54,0.1766788242866341,28,0.8945147679324894,0.0,0,28,3.1043728515897957,212,9.637130801687755,193,13.113924050632912,5.0,2,191,24.29636263934754,3108,590.3132375026829,5,0.8734177215189873,1.0,0,5,0.92562972528365,207,0.8567903883286855,1,0.6708860759493671,1.0,0,1,0.4708859029281786,159,0.221733533576486,91,4.362869198312236,1.0,0,91,10.299496706673787,1034,106.0796324107842,91,4.928270042194093,1.0,0,91,11.676388711861936,1168,136.33805335049684,1,0.1054852320675105,0.0,0,1,0.3078277445777606,25,0.094757920331831
1338,1,361,20.230194319880415,10.0,1,360,34.41385568471832,27068,1184.3134630886193,1,0.1046337817638266,0.0,0,1,0.3061954032087925,140,0.093755624946195,116,2.3871449925261583,1.0,1,115,4.979498649633166,3194,24.79540680169853,1,0.242152466367713,0.0,0,1,0.4285462727942628,324,0.1836519079258546,79,2.491031390134529,1.0,0,79,5.393726956723157,3333,29.09229048368205,323,17.586696562032884,9.0,1,322,29.42140174223159,23531,865.618880477788,9,1.1210762331838564,1.0,0,9,1.158489735338309,1500,1.3420984668842255,1,0.6165919282511211,1.0,0,1,0.4863981298869602,825,0.2365831407575321,141,4.121823617339312,2.0,0,141,9.83510810040114,5515,96.72935134657612,161,5.175635276532137,2.0,0,161,12.5870410294615,6925,158.4336018773472,1,0.1442451420029895,0.0,0,1,0.3514694950897282,193,0.1235308059786284
113,1,47,6.9734513274336285,5.0,3,44,6.753914443003649,788,45.61536030341328,1,0.168141592920354,0.0,0,1,0.3756578721593588,19,0.1411188369152972,6,1.6371681415929205,1.0,1,5,1.0861296530625126,185,1.179677623261694,1,0.1150442477876106,0.0,0,1,0.3204966121221803,13,0.1027180783817952,4,0.2212389380530973,0.0,0,4,0.7286792513358915,25,0.5309734513274353,43,6.752212389380531,5.0,3,40,6.183981284408658,763,38.24162452591656,7,0.8495575221238938,1.0,0,7,0.9748739748044096,96,0.9503792667509486,1,0.7964601769911505,1.0,0,1,0.4044240180137636,90,0.163558786346397,13,1.7433628318584071,1.0,0,13,2.3329118877716337,197,5.442477876106208,22,1.9115044247787607,1.0,0,22,3.1468735111328385,216,9.90281289506952,1,0.0176991150442477,0.0,0,1,0.1324427696454307,2,0.0175410872313526
2311,1,1139,21.490696668109045,10.0,1,1138,45.04004735556443,49665,2028.6058657914868,1,0.0757247944612721,0.0,0,1,0.2646145288990187,175,0.0700208489044496,206,3.176546949372566,1.0,1,205,7.749541777953615,7341,60.05539776824848,1,0.2081350064906966,0.0,0,1,0.4060617859059658,481,0.1648861739731424,222,2.7209000432713117,1.0,0,222,8.140938726302734,6288,66.27488334541559,941,18.56425789701428,9.0,1,940,37.252782270377,42902,1387.7697868841149,29,1.225876244050195,1.0,0,29,1.451390227793962,2833,2.1065335933358087,1,0.5828645607961921,1.0,0,1,0.4931923733657196,1347,0.2432387171461114,434,4.692340977931631,2.0,0,434,12.903005697611787,10844,166.4875560326023,524,5.51665945478148,2.0,0,524,15.78679798884787,12749,249.22299074069116,1,0.1432280398096062,0.0,0,1,0.350381065791766,331,0.1227668912653738
204,1,1185,23.87254901960784,5.0,1,1184,93.53207837999386,4870,8748.249686081315,1,0.196078431372549,0.0,0,1,0.3980052648678807,40,0.1584081908625518,95,3.3529411764705883,1.0,1,94,8.931206218022169,684,79.76644450883785,1,0.1568627450980392,0.0,0,1,0.3645659552784551,32,0.1329083357480925,347,3.323529411764706,0.0,0,347,24.88620872142288,678,619.3233845262243,838,20.54901960784314,5.0,1,837,71.00629645999804,4192,5041.894136965129,5,1.1176470588235294,1.0,0,5,1.043809975034467,228,1.0895392639814545,1,0.6617647058823529,1.0,0,1,0.4742729187997235,135,0.2249348015068091,241,3.975490196078432,1.0,0,241,18.22260781883632,811,332.0634357191145,303,4.53921568627451,1.0,0,303,22.80768670384697,926,520.1905727808378,1,0.1127450980392156,0.0,0,1,0.3170590125884097,23,0.1005264174635373
2015,1,955,20.42531017369727,10.0,1,954,40.06071923978023,41157,1604.8612260084976,1,0.094789081885856,0.0,0,1,0.2929961018003658,191,0.0858467156702103,116,2.651116625310174,1.0,0,116,5.218166599027887,5342,27.22926265521026,1,0.2178660049627791,0.0,0,1,0.4128983128969137,439,0.1704850167931176,222,2.6014888337468984,1.0,0,222,7.467406686953018,5242,55.76216262835066,733,17.73647642679901,9.0,1,732,33.006913519905744,35739,1089.4563401105363,29,1.2982630272952853,1.0,0,29,1.523034641322077,2616,2.319634518667068,1,0.598014888337469,1.0,0,1,0.490420679292717,1205,0.2405124426779299,156,4.232258064516129,2.0,0,156,9.802906344716424,8528,96.09697280328156,144,4.809925558312656,2.0,0,144,11.046309522458362,9692,122.02095406595429,1,0.1657568238213399,0.0,0,1,0.3719545124160889,334,0.1383501593066904
1321,1,359,20.12339137017411,10.0,1,358,35.03940300626344,26583,1227.7597630353434,1,0.1074943224829674,0.0,0,1,0.3098579906982598,142,0.0960119743995628,116,2.2498107494322483,1.0,1,115,4.811095324531905,2972,23.14663822173276,1,0.2566237698713096,0.0,0,1,0.4369353863313303,339,0.1909125318285089,79,2.571536714610144,1.0,0,79,5.700976111296038,3397,32.5011286215681,323,17.39364118092354,9.0,1,322,29.620546035034117,22977,877.3767474135752,7,1.0915972747918243,1.0,0,7,1.1374868396675175,1442,1.2938763104167972,1,0.6116578349735049,1.0,0,1,0.4875576650754151,808,0.2377124767737907,142,3.770628311884936,1.0,0,142,9.351288210499884,4981,87.44659119583409,161,4.906888720666162,1.0,0,161,12.50307681262124,6482,156.3269297823069,1,0.1438304314912944,0.0,0,1,0.3510506071786453,190,0.1232365288004955
2624,1,955,20.76638719512195,10.0,1,954,35.84740074328681,54491,1285.0361400498,1,0.1036585365853658,0.0,0,1,0.3048751661989639,272,0.0929488669648458,200,3.0792682926829267,1.0,0,200,7.631913057030561,8080,58.246096910073554,1,0.2385670731707317,0.0,0,1,0.426288726816014,626,0.1817220786104182,222,2.699314024390244,1.0,0,222,7.048326152345999,7083,49.67890154984456,733,17.96265243902439,9.0,1,732,29.195362177574705,47134,852.3691726797596,29,1.2652439024390243,1.0,0,29,1.521906403743228,3320,2.3161991017546453,1,0.6371951219512195,1.0,0,1,0.4809008559792362,1672,0.231265633281562,87,4.333460365853658,2.0,0,87,7.590129990138775,11371,57.61007326720405,161,4.866615853658536,2.0,0,161,9.10692437113824,12770,82.93607150163163,1,0.1451981707317073,0.0,0,1,0.3523676775142229,381,0.1241629801567673
175,1,1138,15.354285714285714,5.0,3,1135,86.23317874568099,2687,7436.161116584568,1,0.1485714285714285,0.0,0,1,0.3566860789953778,26,0.1272249589490969,95,2.897142857142857,1.0,1,94,9.391286182288102,507,88.19625615763543,1,0.1828571428571428,0.0,0,1,0.3876585432325924,32,0.1502791461412157,337,2.531428571428572,0.0,0,337,25.594716716727344,443,655.0895238095221,801,12.805714285714286,5.0,3,798,60.82400625800817,2241,3699.559737274217,4,1.04,1.0,0,4,0.8667550794867546,182,0.7512643678160902,1,0.7714285714285715,1.0,0,1,0.4211174438061582,135,0.1773399014778327,229,3.377142857142857,1.0,0,229,17.578577049925396,591,309.0063711001638,288,3.942857142857143,1.0,0,288,22.000186594222896,690,484.00821018062487,1,0.0514285714285714,0.0,0,1,0.2215040392608384,9,0.049064039408867
1905,1,955,20.845669291338584,10.0,1,954,40.62398432325463,39711,1650.308102296038,1,0.0776902887139107,0.0,0,1,0.2677538821819333,148,0.0716921414234966,116,2.690288713910761,1.0,0,116,5.272574033990517,5125,27.800036943911035,1,0.2598425196850393,0.0,0,1,0.4386631912469868,495,0.1924253953549905,222,2.741207349081365,1.0,0,222,7.677090469660842,5222,58.93771807935734,733,18.017322834645668,9.0,1,732,33.32323889092952,34323,1110.4382501819575,29,1.2587926509186351,1.0,0,29,1.5345145441084895,2398,2.354734886080485,1,0.6425196850393701,1.0,0,1,0.4793837438871578,1224,0.2298087739032681,156,4.325984251968504,2.0,0,156,9.770167780321566,8241,95.45617845563363,137,4.854593175853019,2.0,0,137,11.214035002844232,9248,125.75458104501566,1,0.142257217847769,0.0,0,1,0.3494054779277403,271,0.1220841880059126
1459,1,713,20.697738176833447,10.0,1,712,38.891461136588994,30198,1512.5457493388124,1,0.0932145305003427,0.0,0,1,0.2908325213142719,136,0.0845835554540164,75,2.492803289924606,1.0,0,75,4.3889025186961375,3637,19.262465318617306,1,0.2398903358464701,0.0,0,1,0.4271627633283369,350,0.1824680263743008,139,2.6908841672378343,1.0,0,139,6.892252701205408,3926,47.50314729727325,574,17.86771761480466,9.0,1,573,32.66598921674788,26069,1067.0668515086888,29,1.2412611377655929,1.0,0,29,1.6668880674974946,1811,2.7785158295655323,1,0.6579849211788896,1.0,0,1,0.4745472722786086,960,0.2251951136270679,134,3.840986977381768,1.0,0,134,8.853289398951375,5604,78.38073318158479,161,4.42837559972584,1.0,0,161,10.438245640473893,6461,108.9569720508722,1,0.1487320082248115,0.0,0,1,0.3559461147926093,217,0.1266976366359534
